index,company
1804 LTD,N/A
3 BEAR DELAWARE OPERATING NM LLC,N/A
3 Bear Delaware Operating NM LLC,N/A
31 GROUP LLC,N/A
31 Group LLC,N/A
31 OFFSHORE LLC,N/A
31 Offshore LLC,N/A
3CM HOLDINGS LLC,N/A
3M,MMM
3M CO,MMM
3M COMPANY,MMM
3M Center,MMM
3M Company,MMM
600 LAND INC,N/A
"600 LAND, INC",N/A
"600 Land, Inc",N/A
"600 Land, Inc.",N/A
89 ENERGY LLC,N/A
89 Energy LLC,N/A
A TIMOSHENKO,N/A
A Timoshenko,N/A
ABB,ABB
ABB LTD,ABB
ABBOTT LABORATORIES,ABT
ABBVIE INC,ABBV
ABEL GREGORY E,N/A
ABENGOA BIOENERGY,N/A
ABENGOA BIOENERGY US HOLDING,N/A
ABF ENTERPRISES,N/A
ABF Enterprises LLC,N/A
ABIBOW US INC - Catawba Operations,N/A
ABILENE ENVIRONMENTAL LANDFILL,N/A
ABILENE ENVIRONMENTAL LANDFILL INC,N/A
ABRAXAS PETROLEUM CORP,AXAS
ABSOLUTE ENERGY LLC,N/A
"ABSOLUTE ENERGY, LLC",N/A
AC OCEAN WALK LLC,N/A
AC Ocean Walk LLC,N/A
ACADIA PARISH POLICE JURY,N/A
ACCURIDE CORP,N/A
ACE Cogeneration Company,N/A
ACE ETHANOL LLC,N/A
"ACE ETHANOL, LLC",N/A
"ACE Ethanol, LLC",N/A
ACI Energy Inc.,N/A
ACME BRICK COMPANY,N/A
ACMS INC,N/A
ADA CARBON SOLUTIONS LLC,N/A
ADA COGEN HOLDINGS LP,N/A
ADA COGENERATION LP,N/A
ADA COUNTY,N/A
"ADA Carbon Solutions, LLC",N/A
ADKINS ENERGY LLC,N/A
ADS WASTE HOLDINGS INC,N/A
"ADS Waste Holdings, Inc",N/A
"ADS Waste Holdings, Inc.",N/A
ADVANCE ENERGY PARTNERS LLC,N/A
ADVANCED BIOENERGY LLC,N/A
ADVANCED DISPOSAL SERVICES,N/A
ADVANCED DISPOSAL SERVICES INC,N/A
ADVANCED GRAPHITE MATERIALS LLC,N/A
ADVANSIX INC,ASIX
AEIF BIRDSBORO LLC,N/A
AEIF Birdsboro LLC,N/A
AEIF HILL TOP LLC,N/A
"AEIF Hill Top, LLC",N/A
AEIF LINDEN SPV LLC,N/A
AEIF Linden SPV LLC,N/A
AEIF ST JOSEPH HOLDING V LLC,N/A
AEMETIS INC,AMTX
AEP GENERATION RESOURCES INC,N/A
"AER NY-Gen, LLC",N/A
AERA ENERGY LLC,N/A
AES CORP,AES
AES Corporation,AES
AES Eastern Energy LP,N/A
"AES Eastern Energy, LP",N/A
"AES Eastern Energy,LP",N/A
"AES Ohio Generation, LLC",N/A
AETHON ENERGY,N/A
AETHON ENERGY OPERATING LLC,N/A
AETHON UNITED BR LP,N/A
AG ENERGY LP,N/A
AG ENERGY PARTNERS LP,N/A
"AG Energy, LP",N/A
AG PROCESSING INC,N/A
AG PROCESSING INC A COOPERATIVE,N/A
AGAVE ENERGY HOLDINGS,N/A
AGC,N/A
AGC AMERICA INC,N/A
AGC America Inc.,N/A
AGC FLAT GLASS NORTH AMERICA,N/A
AGC FLAT GLASS NORTH AMERICA INC,N/A
"AGC FLAT GLASS NORTH AMERICA, INC.",N/A
"AGC Flat Glass North America, Inc.",N/A
AGC GLASS CO NORTH AMERICA,N/A
AGC Glass Company North America,N/A
AGL RESOURCES INC,AGL
AGRA MARKE QUALITY GRAINS INC,N/A
AGRI-MARK INC,N/A
AGRIUM US INC,N/A
AGROPUR INC,N/A
AGY HOLDING CO,N/A
AGY HOLDING CORP,N/A
AHLSTROM FILTRATION LLC,N/A
AHLSTROM-MUNKSJO NORTH AMERICA SPECIALTY SOLUTIONS LLC,N/A
AHLSTROM-MUNKSJO USA INC,N/A
AIM Developement USA LLC,N/A
AIM Development USA LLC,N/A
"AIM Midstream Holdings, LLC",N/A
AIP LLC,N/A
AIR PRODUCTS & CHEMICALS INC,APD
AIRCRAFT SERVICES CORP - GENERAL,N/A
AIRGAS INC,N/A
AJINOMOTO ANIMAL NUTRITION NORTH AMERICA INC,N/A
AJINOMOTO HEALTH & NUTRITION NORTH AMERICA INC,N/A
AJINOMOTO HEARTLAND INC,N/A
AK STEEL CORP,N/A
AK STEEL HOLDING CORP,N/A
AK Steel Corporation,N/A
AKA ENERGY GROUP LLC,N/A
"AKA ENERGY GROUP, LLC",N/A
AKIN BEENE RESOURCES LLC,N/A
AKZO NOBEL CHEMICALS INC,N/A
AKZO NOBEL INC,N/A
AL COGEN LLC,N/A
"AL COGEN PARTNER, LLC",N/A
"AL COGEN, LLC",N/A
AL SANDERSVILLE LLC,N/A
"AL SANDERSVILLE, LLC",N/A
"AL Sandersville, LLC",N/A
AL TURI LANDFILL INC,N/A
"AL TURI LANDFILL, INC",N/A
AL-CORN CLEAN FUEL,N/A
ALABAMA MUNICIPAL ELECTRIC AUTHORITY,N/A
ALAMANCE COUNTY,N/A
ALAMO CEMENT CO,N/A
"ALASKA ELECTRIC & ENERGY COOPERATIVE, INC",N/A
ALASKA VILLAGE ELECTRIC COOPERATIVE,N/A
ALBANY GREEN ENERGY LLC,N/A
ALBEMARLE CORP,ALB
ALBERT EINSTEIN COLLEGE OF MEDICINE,N/A
ALCAN PRIMARY PRODUCTS CORP,N/A
ALCOA CORP,AA
ALCOA INC,N/A
ALCON LABORATORIES INC,N/A
ALERIS CORP,N/A
ALERIS INTERNATIONAL INC,N/A
ALEXANDER & BALDWIN INC,ALEX
"ALEXANDER & BALDWIN, INC",ALEX
ALEXIN LLC,N/A
ALGONQUIN POWER & UTILITIES CORP,AQN
ALGONQUIN POWER FUND (AMERICA) INC,N/A
ALGONQUIN POWER SANGER LLC,N/A
ALGONQUIN POWER WINDSOR LOCKS LLC,N/A
ALINDA CAPITAL PARTNERS LLC,N/A
ALINDA INVESTMENTS LLC,N/A
ALJ REGIONAL HOLDING CO,N/A
"ALJ Regional Holdings, Inc.",N/A
ALL AMERICAN ASPHALT,N/A
ALL AMERICAN OIL & GAS INC,N/A
ALLEGHENY ENERGY SUPPLY CO LLC,N/A
ALLEGHENY SUPPLY CO LLC,N/A
ALLEGHENY TECHNOLOGIES INC,ATI
ALLEGIANCE REFINING LLC,N/A
ALLEN COUNTY KANSAS,N/A
ALLENS INC,N/A
ALLETE INC,ALE
"ALLETE, Inc",ALE
"ALLETE, Inc.",ALE
ALLIANCE COAL LLC,N/A
"ALLIANCE COAL, LP",N/A
ALLIANCE ENERGY GROUP,N/A
ALLIANCE ENERGY GROUP LLC,N/A
ALLIANCE HOLDINGS GP LP,N/A
ALLIANCE PIPELINE LP,N/A
ALLIANT ENERGY CORP,LNT
ALLIANT TECHSYSTEMS INC,N/A
ALLIED WASTE TRANSPORATION INC,N/A
ALLISON TRANSMISSION HOLDINGS INC,ALSN
ALLISON TRANSMISSION INC,N/A
"ALLISON TRANSMISSION, INC",N/A
ALMATIS INC,N/A
ALON USA LP,N/A
ALPHA & OMEGA SEMICONDUCTOR,AOSL
ALPHA METALLURGICAL RESOURCES INC,AMR
ALPHA NATURAL RESOURCES LLC,N/A
ALPHABET INC,GOOG
ALPHAGEN POWER LLC,N/A
ALPHAPET INC,N/A
"ALPINE ENERGY, LLC",N/A
ALPONT LLC,N/A
ALSTOM INC,N/A
ALTA MESA RESOURCES INC,N/A
ALTA MESA SERVICES LP,N/A
ALTAGAS LTD,ALA
ALTAGAS RIPON ENERGY INC,N/A
ALTAGAS SERVICES (US) INC,N/A
ALTEN LLC,N/A
ALTERNA CAPITAL PARTNERS,N/A
ALTIVIA CORP,N/A
ALTIVIA PETROCHEMICALS LLC,N/A
ALTIVIA Petrochemicals LLC,N/A
ALTIVIA SERVICES LLC,N/A
"ALTIVIA Services, LLC",N/A
ALTO INGREDIENTS INC,ALTO
ALTON STEEL INC,N/A
ALTRIA GROUP INC,MO
ALUMINA LTD,AWCMY
ALYESKA PIPELINE SERVICE CO,N/A
AM/NS CALVERT,N/A
AM/NS CALVERT LLC,N/A
AM/NS Calvert,N/A
AMALGAMATED BANK OF CHICAGO,N/A
AMALGAMATED INVESTMENTS CO,N/A
AMALGAMATED SUGAR CO,N/A
AMALGAMATED SUGAR CO OREGON COOPERATIVE CORP,N/A
AMALGAMATED WARBASSE HOUSES INC,N/A
AMALGAMATED WARBASSE HOUSES TENANTS ASSOC INC,N/A
AMCOL International,N/A
AMEREN CORP,AEE
AMERICAN AIR LIQUIDE HOLDINGS INC,N/A
"AMERICAN AIR LIQUIDE HOLDINGS, INC",N/A
AMERICAN AIRLINES GROUP,AAL
AMERICAN AIRLINES GROUP INC,AAL
AMERICAN BITUMINOUS POWER PARTNERS,N/A
AMERICAN BITUMINOUS POWER PARTNERS LP,N/A
AMERICAN CAST IRON PIPE CO,N/A
AMERICAN CONSOLIDATED NATURAL RESOURCES INC,N/A
"AMERICAN CONSOLIDATED NATURAL RESOURCES, INC",N/A
AMERICAN CRYSTAL SUGAR CO,N/A
AMERICAN EAGLE ENERGY CORP,N/A
AMERICAN ELECTRIC POWER,AEP
AMERICAN ELECTRIC POWER CO INC,AEP
AMERICAN ENERGY CORP,N/A
AMERICAN ENERGY PARTNERS LP,N/A
AMERICAN ENVIRONMENTAL LANDFILL INC,N/A
AMERICAN HONDA MOTOR CO INC,N/A
"AMERICAN MIDSTREAM GP, LLC",N/A
AMERICAN MIDSTREAM PARTNERS LP,N/A
"AMERICAN MIDSTREAM PARTNERS, LP",N/A
AMERICAN MUNICIPAL POWER,N/A
AMERICAN MUNICIPAL POWER INC,N/A
AMERICAN NATURAL RESOURCES CO,N/A
AMERICAN PROTEINS INC,N/A
AMERICAN REFINING GROUP,N/A
AMERICAN REFINING GROUP INC,N/A
AMERICAN STANDARD BRANDS,N/A
AMERICAN STANDARD BRANDS CO,N/A
AMERICAN SUGAR REFINING INC,N/A
AMERICAN ZINC RECYCLING LLC,N/A
AMERICAS MINING CORP,N/A
"AMF Hawaii Investments Holdings, LLC",N/A
AMGEN INC,AMGN
AMHERST COUNTY LANDFILL,N/A
AMP ANGELINA LLC,N/A
AMP II ETX GATHERING I LLC,N/A
AMP II ETX Gathering I LLC,N/A
AMPCO-PITTSBURGH CORP,AP
AMPLIFY ENERGY CORP,AMPY
AMR Corporation,N/A
AMSTED INDUSTRIES INC,N/A
AMSTED RAIL CO INC,N/A
ANADARKO PETROLEUM CORP,N/A
ANADARKO PETROLEUM CORPORATION,N/A
ANADARKO US OFFSHORE CORP,N/A
ANADARKO US OFFSHORE LLC,N/A
ANALOG DEVICES INC,ADI
ANCHOR GLASS CONTAINER CORP,N/A
ANCHOR HOCKING CO,N/A
ANCHORAGE MUNICIPAL LIGHT & POWER,N/A
ANCHORAGE MUNICIPALITY OF INC,N/A
ANDEAVOR,N/A
ANDERSON COLUMBIA,N/A
ANDERSON ENERGY INC,N/A
ANDREWS ENGINEERING INC,N/A
ANDROSCOGGIN VALLEY REGIONAL REFUSE,N/A
ANDROSCOGGIN VALLY REGIONAL REFUSE DISPOSAL DISTRICT,N/A
ANGELINA COUNTY,N/A
ANHEUSER-BUSCH COS LLC,N/A
ANHEUSER-BUSCH INBEV,BUD
ANKOR E&P HOLDINGS CORP,N/A
ANKOR ENERGY LLC,N/A
"ANKOR Energy, LLC",N/A
ANNE ARUNDEL COUNTY MARYLAND (DEPT OF PUBLIC WORKS - WASTE MANAGEMENT SERVICES),N/A
ANR PIPELINE CO,N/A
ANR Pipeline CO,N/A
ANR Pipeline Company,N/A
ANSCHUTZ EXPLORATION CORP,N/A
ANTERO MIDSTREAM LLC,AM
ANTERO RESOURCES CORP,AR
APA CORP,APA
APACHE CORP,APA
APACHE CORPORATION,APA
APEX ENVIRONMENTAL LLC,N/A
APG POLYTECH HOLDING,N/A
APG Polytech Holding,N/A
"APL SouthTex Processing, LP",N/A
APPLETON PAPERS INC,N/A
APPLETON PROPERTY VENTURES LLC,N/A
APPROACH RESOURCES INC,AREXQ
APPVION HOLDING CORP,N/A
APPVION INC,N/A
"APPVION, INC.",N/A
APR OPERATING LLC,N/A
ARAMCO SERVICES CO,N/A
ARAUCO NORTH AMERICA INC,N/A
ARAUCO-USA LLC,N/A
ARC INTERNATIONAL NORTH AMERICA LLC,N/A
ARCELORMITTAL HOLDINGS LLC,N/A
ARCELORMITTAL USA,N/A
ARCELORMITTAL USA INC,N/A
ARCELORMITTAL USA LLC,N/A
ARCH COAL INC,N/A
ARCH RESOURCES INC,ARCH
ARCHDIOCESE OF CHICAGO,N/A
ARCHER DANIELS MIDLAND CO,ADM
ARCHROCK INC,AROC
"ARCHROCK, INC",AROC
ARCLIGHT CAPITAL HOLDINGS LLC,N/A
ARCLIGHT CAPITAL PARTNERS LLC,N/A
"ARCLIGHT CAPITAL PARTNERS, LLC",N/A
"ARCLIGHT CAPITAL PARTNERS,LLC",N/A
ARCLIGHT ENERG PARTNERS FUND VII LP,N/A
ARCLIGHT ENERGY PARTNERS FUND VI LP,N/A
ARCLIGHT ENERGY PARTNERS FUND VII LP,N/A
ARCLIGHT ENERGY PARTNERS FUND VIII LP,N/A
ARCO Aluminun,N/A
ARCONIC CORP,ARNC
ARCONIC INC,N/A
ARCOSA INC,ACA
ARCTIC SLOPE REGIONAL CORP,N/A
ARD OPERATING LLC,N/A
ARDAGH GLASS INC,N/A
ARDAGH GLASS PACKAGING INC,N/A
ARDAGH GROUP,N/A
ARDAGH HOLDINGS USA INC,N/A
ARENA ENERGY LLC,N/A
ARENA ENERGY LP,N/A
ARENA OFFSHORE LP,N/A
ARES CAPITAL CORP,ARCC
ARES MANAGEMENT CORP,ARES
ARGO INFRASTRUCTURE PARTNERS LLC,N/A
ARGO INFRASTRUCTURE PARTNERS LP,N/A
ARGOS PUERTO RICO CORP,N/A
ARGOS USA,N/A
ARGOS USA LLC,N/A
ARIZONA BOARD OF REGENTS,N/A
ARIZONA BOARD OF REGENTS FOR & ON BEHALF OF ARIZONA STATE UNIVERSITY,N/A
ARIZONA BOARD OF REGENTS FOR AND ON BEHALF OF ARIZONA STATE UNIVERSITY,N/A
ARIZONA CHEMICAL CO LLC,N/A
ARIZONA ELECTRIC COOPERATIVE CORP,N/A
ARIZONA ELECTRIC POWER COOPERATIVE INC,N/A
ARIZONA PUBLIC SERVICE CO,N/A
ARIZONA STATE UNIVERSITY,N/A
ARKANSAS ELECTRIC COOPERATIVE CORP,N/A
ARKANSAS GLASS CONTAINER CORP,N/A
ARKANSAS OKLAHOMA GAS CORP,N/A
ARKANSAS STEEL ASSOCIATES LLC,N/A
"ARKANSAS STEEL ASSOCIATES, LLC",N/A
ARKEMA AMERICAS,N/A
ARKEMA DELAWARE INC,N/A
ARKEMA INC,N/A
ARLANXEO USA HOLDINGS CORP,N/A
ARLANXEO USA LLC,N/A
ARLINGTON VALLEY LLC,N/A
ARM ENERGY HOLDINGS LLC,N/A
ARMOR ENERGY LLC,N/A
ARMSTRONG ENERGY INC,N/A
ARMSTRONG WORLD INDUSTRIES INC,AWI
ARP RANGELY PRODUCTION LLC,N/A
"ARROWHEAD PIPELINE, LP",N/A
ARROYO ENERGY LP,N/A
"ARROYO ENERGY, LP",N/A
ARSENAL ENERGY HOLDINGS LLC,N/A
ARSENAL RESOURCES LLC,N/A
ARTISTIC CARTON CO,N/A
ARUBA INVESTMENTS INC,N/A
ARUBA PETROLEUM INC,N/A
AS AMERICA INC,N/A
ASAHI GLASS CO,N/A
ASCEND PERFORMANCE MATERIALS HOLDINGS INC,N/A
ASCEND PERFORMANCE MATERIALS LLC,N/A
ASCENT RESOURCES LLC,N/A
ASCENT RESOURCES OPERATING LLC,N/A
ASH GROVE CEMENT CO,N/A
ASHLAND GLOBAL HOLDINGS INC,ASH
ASHLAND INC,ASH
ASHLEY ENERGY LLC,N/A
ASP GREDE ACQUISITIONCO LLC,N/A
ASPEN MIDSTREAM LLC,N/A
ASPEN SCRUBGRASS PARTICIPANT LLC (OLYMPUS POWER LLC),N/A
ASRC,N/A
ASRCEX,N/A
ASSOCIATED ELECTRIC COOPERATIVE INC,N/A
ASTORIA ENERGY LLC & ASTORIA ENERGY II LLC,N/A
ASTORIA PROJECT PARTNERS LLC,N/A
"ASTRA ENERGY HOLDINGS, INC",N/A
"ASTRA Energy Holdings, Inc.",N/A
AT&T INC,T
"AT&T, Inc.",T
ATC MANAGEMENT INC,N/A
"ATC Management, Inc.",N/A
ATHENS-CLARKE COUNTY UNIFIED GOVERNMENT,N/A
ATI LADISH LLC,N/A
ATI Ladish LLC,N/A
ATLANTI C POWER CORP,N/A
ATLANTIC COUNTY UTILITIES AUTHORITY,N/A
ATLANTIC POWER,N/A
ATLANTIC POWER CORP,N/A
ATLANTIC POWER CORPORATION,N/A
ATLANTIC POWER LP,N/A
ATLAS ENERGY GROUP LLC,N/A
ATLAS HOLDINGS LLC,N/A
"ATLAS PIPELINE PARTNERS, LP",N/A
ATLAS RESOURCE PARTNERS LP,N/A
ATLAS SAND,N/A
ATLAS SAND CO LLC,N/A
ATMEL CORP,N/A (acquired by Microchip Technology)
ATMOS ENERGY CORP,ATO
ATP OIL & GAS CORP,N/A
ATP Oil & Gas Corporation,N/A
ATTIS BIOFUELS LLC,N/A
AUCILLA AREA SOLID WASTE ADMINISTRATION,N/A
AUGUSTA-RICHMOND GEORGIA,N/A
AUGUSTUS ENERGY RESOURCES LLC,N/A
AURIA SOLUTIONS USA INC,N/A
AURIGA POLYMERS INC,N/A
AURORA COOPERATIVE ETHANOL,N/A
AURORA ENERGY LLC,N/A
"AURORA ENERGY, LLC",N/A
AURUBIS BUFFALO INC,N/A
AUSTIN ENERGY,N/A
AUSTIN ENERGY CORP,N/A
AUSTIN POWDER HOLDINGS CO,N/A
AUSTIN WHITE LIME CO,N/A
AUSTRALIS TMS INC,N/A
AUX SABLE,N/A
AUX SABLE LIQUID PRODUCTS,N/A
AUX SABLE LIQUID PRODUCTS LP,N/A
AUX SABLE MIDSTREAM LLC,N/A
AVAGO TECHNOLOGIES US INC,N/A (part of Broadcom)
AVANGRID INC,AGR
AVENAL REGIONAL LANDFILL,N/A
AVENTINE RENEWABLE ENERGY INC,N/A
AVENUE CAPITAL GROUP,N/A
AVISTA CORP,AVA
AW POWER HOLDINGS LLC,N/A
"AW Power Holdings, LLC",N/A
AXEON SPECIALTY PRODUCTS,N/A
AXIALL CORP,N/A (acquired by Westlake Chemical)
AXIALL CORPORATION,N/A (acquired by Westlake Chemical)
AXIP PRODUCER SERVICES LLC,N/A
AXIUM BNY COGENERATION PARTNERS LLC,N/A
AZURE MIDSTREAM ENERGY LLC,N/A
AbbVie Inc.,ABBV
Abbott Hospitals,N/A
Abbott Laboratories,ABT
Abbott Labortories,ABT
"Abel, Gregory E",N/A
Abengoa Bioenergy Corporation,N/A
"Abengoa Bioenergy Maple, LLC",N/A
"Abengoa Bioenergy US Holding, Inc",N/A
"Abengoa Bioenergy US Holding, Inc.",N/A
"AbiBow U.S., Inc.",N/A
AbiBow US Inc,N/A
Abraxas Petroleum Corp,AXAS
"Absolute Energy, L.L.C.",N/A
Acadia Parish Police Jury,N/A
Acadian Gas Pipeline System,N/A
Access Midstream Partners LP,N/A
"Access Midstream Partners, L.P",N/A
"Access Midstream Partners, L.P.",N/A
Accuride Corp,N/A
Accuride Corporation,N/A
Accuride Corportion,N/A
Acero Junction Inc,N/A
Acme Brick Company,N/A
"Ada Cogen Holdings, LP",N/A
Ada County,N/A
Ada County Solid Waste Management,N/A
Adams-Columbia Electric Cooperative,N/A
Adkins Energy LLC,N/A
AdvanSix Inc,ASIX
"Advance Energy Partners, LLC",N/A
Advanced BioEnergy,N/A
"Advanced BioEnergy, LLC",N/A
Advanced Disposal,N/A (acquired by Waste Management)
Advanced Disposal Services,N/A (acquired by Waste Management)
Advanced Graphite Materials LLC,N/A
Aera Energy LLC,N/A
Ag Processing Inc,N/A
Agave Energy Co,N/A
Agave Energy Company,N/A
Agave Energy Holdings,N/A
Agra Marke Quality Grains Inc.,N/A
Agra Resources Coop,N/A
Agra Resources Coop dba POET Biorefining Glenville,N/A
Agra Resources LLC,N/A
Agri-Mark,N/A
Agrifos Fertilizer L.L.C.,N/A
Agrium U.S. Inc,N/A (merged with PotashCorp to form Nutrien)
Agrium US Inc,N/A (merged with PotashCorp to form Nutrien)
Agropur Inc,N/A
Ahlstrom Filtration LLC,N/A
Ahlstrom-Munksjö North America Specialty Solutions,N/A
Air Liquide America LP,N/A (part of Air Liquide SA)
Air Liquide Large Industries U.S. LP,N/A
"Air Products & Chemicals, Inc.",APD
Aircraft Services Corporation (GE entity),N/A (part of General Electric)
Ajinomoto Animal Nutrition North America INC,N/A
Ajinomoto Health & Nutrition North America INC,N/A
"Ajinomoto Heartland, INC",N/A
"Ajinomoto U.S.A., Inc.",N/A
"Aka Energy Group, LLC",N/A
"Akron Energy Systems, LLC",N/A
"Akzo Nobel Chemicals, Inc.",N/A (part of Akzo Nobel NV)
"Al Turi Landfill, Inc.",N/A
Al-Corn Clean Fuel,N/A
Alabama Municipal Electric Authority,N/A
Aladdin Mills Inc,N/A
Alamance County,N/A
"Alaska Electric and Energy Cooperative, Inc.",N/A
Alaska Village Electric Cooperative,N/A
Albemarle Corporation,ALB
Albert Einstein College of Medicine,N/A
Albiorix Inc.,N/A
"Alcan Rolled Products - Ravenswood, LLC",N/A
Alcoa Corp,AA
"Alcon Laboratories, Inc.",ALC
Aleris International Inc.,N/A
"Alexander & Baldwin, Inc.",ALEX
"Alexin, LLC",N/A
"Algonquin Gas Transmission, LLC",N/A
Algonquin Power Fund (America) Inc.,N/A
"Algonquin Power Windsor Locks, LLC",N/A
Alinda Investments LLC,N/A
Alkegen (formerly Unifrax LLC),N/A
All American Asphalt,N/A
"All American Oil and Gas, Inc.",N/A
"Allegany Generating Station, LLC",N/A
Allegheny Energy,N/A
Allegheny Technologies Incorporated,ATI
Alliant Energy Corporation,LNT
Alliant Techsystems Inc,"N/A (acquired by Orbital ATK, now part of Northrop Grumman)"
Allied Waste Transportation Inc.,N/A
Allison Transmission Inc,ALSN
Almatis,N/A
"Alon USA Energy, Inc.",N/A
Alpha Metallurgical Resources,AMR
Alpha Natural Resources,N/A
Alpha and Omega Semiconductor,AOSL
AlphaGen Power LLC,N/A
Alphapet Inc.,N/A
Alpont LLC,N/A
Alstom Grid Inc,N/A
AltEn LLC,N/A
"Alta Mesa Services, LP",N/A
AltaGas Ltd.,ATGFF
AltaGas Ripon Energy Inc,N/A
AltaGas Services (US) Inc,N/A
AltaGas Services US Inc,N/A
"Altair Disposal Services, LLC",N/A
"Alto Ingredients, Inc",ALTO
Alton Steel Inc.,N/A
"Altria Group, Inc.",MO
Alumina Ltd,AWCMY
Alyeska Pipeline Service Company,N/A
Amalgamated Bank of Chicago,N/A
Amalgamated Sugar Co,N/A
Amalgamated Sugar Co Oregon Cooperative CORP,N/A
"Amalgamated Warbasse Houses, Incorporated",N/A
Ameredev II LLC,N/A
Ameren,AEE
Ameren Corp,AEE
Ameren Energy Generating Co,N/A
Ameresco Chicopee LFGTE,N/A
"American Air Liquide Holdings, Inc.",N/A
American Airlines Group,AAL
American Bituminous Power Partners,N/A
American Cast Iron Pipe Company,N/A
American Colloid Company,N/A
American Crystal Sugar Company,N/A
American Eagle Energy,N/A
American Electric Power Corp.,AEP
American Energy Corporation,N/A
American Energy Partners LP,N/A
American Environmental Landfill,N/A
"American Fuji Seal, Inc.",N/A
American Honda Motor Co.,N/A
"American Midstream GP, LLC",N/A
"American Midstream Partners, LP",N/A
"American Municipal Power, Inc.",N/A
American Proteins Inc.,N/A
American Refining Group,N/A
American Securities LLC,N/A
American Standard Brands,N/A
"American Sugar Refining, Inc.",N/A
American Zinc Recycling LLC,N/A
Americas Mining Corporation,N/A
Amgen Inc,AMGN
Amherst County Landfill,N/A
Ampco - Pittsburgh Securities V Corporation,N/A
Amplify Energy Corp,AMPY
"Amsted Industries, Inc",N/A
"Amsted Rail Company, Inc",N/A
Anadarko Petroleum Corporation,N/A (acquired by Occidental Petroleum)
"Analog Devices, Inc.",ADI
Anchor Glass Container Corporation,N/A
Anchor Hocking CO,N/A
Anchorage Municipal Light & Power,N/A
Andeavor,N/A (acquired by Marathon Petroleum)
"Anderson Energy, Inc.",N/A
Angelina County,N/A
Anheuser-Busch InBev,BUD
Antero Midstream LLC,AM
Antero Resources Corporation,AR
Apache Corporation,N/A (rebranded as APA Corporation)
Apex Energy LLC,N/A
Apex Environmental LLC,N/A
Apollo Infra Equity US Fund LP,N/A
Appleton Coated LLC,N/A
"Approach Resources, INC",N/A
Appvion Holding Corp,N/A
Appvion Operations INC,N/A
"Appvion, Inc.",N/A
Arabian American Development Company,N/A
Aracoma Coal CO LLC,N/A
Arapahoe County,N/A
Arauco North America INC,N/A
"Arbutus Management Holdings, LLC",N/A
ArcLight Energy Partners Fund VII LP,N/A
ArcelorMittal,MT
"ArcelorMittal Coal Group USA, LLC",N/A
ArcelorMittal Holdings LLC,N/A
ArcelorMittal North America Holdings LLC,N/A
ArcelorMittal Tubular Products USA LLC,N/A
ArcelorMittal USA LLC,N/A
"Arch Acquisition Holdings, Inc.",N/A
Arch Coal Inc,N/A (now Arch Resources Inc.)
Archdiocese of Chicago,N/A
Archer Daniels Midland Company,ADM
Arclight Energy Partners Fund LP,N/A
Arconic Corp,ARNC
Arcosa INC,ACA
Arctic Slope Regional Corporation,N/A
Ardagh Glass Containers Inc.,N/A
Ardagh Glass Inc.,N/A
Argo Infrastructure Partners LLC,N/A
Argos USA,N/A
Arizona Electric Power Cooperative,N/A
Arkansas Electric Cooperative Corporation,N/A
Arkema Inc,ARKAY
Arlington Valley LLC,N/A
"Armor Energy, LLC",N/A
"Armstrong Energy, Inc.",N/A
"Armstrong World Industries, Inc.",AWI
"Arrowhead Environmental Partners, LLC",N/A
"Arrowhead Pipeline, L.P.",N/A
"Arroyo Energy, LP",N/A
"Arsenal Resources, LLC",N/A
Artistic Carton Company,N/A
"Aruba Petroleum, Inc.",N/A
Asahi Glass Company,N/A
Ascend Performance Materials Holdings INC,N/A
Ascend Performance Materials LLC,N/A
"Ascent Resources, LLC",N/A
Ash Grove Cement Company,N/A
Ashland Inc.,ASH
Ashley Energy LLC,N/A
"Aspen Midstream, LLC",N/A
Associated Electric Cooperative Inc.,N/A
Astoria Energy LLC,N/A
Atlantic Power,N/A (acquired by I Squared Capital)
"Atlas Energy, LP",N/A
Atlas Holdings LLC,N/A
"Atlas Pipeline Partners, L.P.",N/A
"Atlas Resource Partners, L.P.",N/A
"Atlas Sand CO, LLC",N/A
Atmos Energy Corporation,ATO
Atmos Energy Corp,ATO
"Attis Biofuels, LLC",N/A
Aucilla Area Solid Waste Administration,N/A
Augusta-Richmond Georgia,N/A
"Augustus Energy Partners, LLC",N/A
Auria Solutions USA INC,N/A
Auriga Polymers Inc.,N/A
Aurora Cooperative Ethanol,N/A
"Aurora Energy, LLC",N/A
Aurubis Buffalo Inc,N/A
Austin Energy,N/A
Austin Powder CO,N/A
Austin Utilities,N/A
Austin White Lime Company,N/A
Australis TMS INC,N/A
Aux Sable Liquid Products LLC,N/A
Avago Technologies U.S. Inc.,AVGO
Avant Energy,N/A
Aventine Renewable Energy,N/A (Now part of Pacific Ethanol)
Avista Corporation,AVA
Axeon Specialty Products,N/A
Axiall Corporation,N/A (Now part of Westlake Chemical)
"Axip Producer Services, LLC",N/A
"Azure Midstream Energy, LLC",N/A
B. Braun Medical Inc.,N/A
Badger State Ethanol LLC,N/A
BAE Systems Holdings Inc.,N/A
Bakelite LLC,N/A
Barrick Gold Corp,GOLD
BASF Corporation,N/A (BASF SE: BASFY)
Basic American Foods,N/A
Battalion Oil Corp,BATL
Baxter International Inc.,BAX
Bayer Corp,N/A (Bayer AG: BAYRY)
Bayonne Energy Center LLC,N/A
Bayou Steel Group,N/A
Bayport Polymers LLC,N/A
BCE-Mach LLC,N/A
Berkshire Hathaway Inc.,BRK.A / BRK.B
Berry Corp,BRY
Berry Global Group Inc,BERY
BHP Billiton,BHP
Biofuel Energy Corp,N/A (No longer publicly traded)
Biogen Inc,BIIB
Black Hills Corporation,BKH
BlackRock Inc,BLK
Blue Dolphin Energy Co,BDCO
BLUE EARTH COUNTY ENVIRONMENTAL SERVICES,N/A
BLUE HERON PAPER CO,N/A
BLUE ISLAND PHENOL LLC,N/A
BLUE MOUNTAIN MIDSTREAM,N/A
BLUE RACER MIDSTREAM LLC,N/A
"BLUE RACER MIDSTREAM, LLC",N/A
BLUE RIDGE RESOURCE AUTHORITY,N/A
BLUECREST ENERGY INC,N/A
BLUEFIN RESOURCES LLC,N/A
BLUESCOPE STEEL INVESTMENTS INC,BSLFY
BLUESCOPE STEEL INVESTMENTS INC 2,N/A
BLUESCOPE STEEL INVESTMENTS INC 3,N/A
BLUESTONE COKE LLC,N/A
BLUESTONE NATURAL RESOURCES LLC,N/A
BMW (US) HOLDING CORP,N/A
BMW (US) Holding Corp,N/A
BMW OF NORTH AMERICA LLC,N/A
BOARD OF GOVERNORS OF THE COLORADO STATE UNIVERSITY SYSTEM,N/A
BOARD OF GOVERNORS STATE UNIVERSITY SYSTEM OF FLORIDA,N/A
BOARD OF REGENTS OF THE UNIVERSITY OF NEBRASKA,N/A
BOARD OF REGENTS OF THE UNIVERSITY SYSTEM OF GEORGIA,N/A
BOARD OF REGENTS UNIVERSITY SYSTEM OF GA,N/A
BOARD OF WATER COMMISSIONERS,N/A
BOC 220 GULF COAST BASIN ONSHORE,N/A
BOC 220 Gulf Coast Basin Onshore,N/A
BOEING CO,BA
BOISE CASCADE,BCC
BOISE CASCADE CO,N/A
BOISE INC,N/A
BOISE PAPER HOLDINGS LLC,N/A
BONANZA CREEK ENERGY INC,NZA
"BONANZA CREEK ENERGY, INC",NZA
BONNEVILLE NEVADA CORP,N/A
BOONE COUNTY IOWA,N/A
BOPCO LP,N/A
"BOPCO, LP",N/A
BOROUGH OF FAIRBANKS NORTH STAR,N/A
"BOSPOWER PARTNERS, LLC",N/A
BOUNTIFUL CITY,N/A
BOWFIN KEYCON POWER LLC,N/A
BOWIE RESOURCE PARTNERS LLC,N/A
BOYD COUNTY SANITARY LANDFILL INC,N/A
BP,BP
BP AMERICA INC,BP
BP America Inc,BP
BP America Inc.,BP
BP America Production Company,N/A
"BP Exploration & Production, Inc.",N/A
BP IV GrafTech Holdings LP,N/A
BP PRODUCTS NORTH AMERICA INC,BP
BP Products North America INC,N/A
BRADKEN INC,N/A
BRADLEY COUNTY TN,N/A
BRAINTREE ELECTRIC LIGHT DEPARTMENT,N/A
BRASKEM AMERICA,BAK
BRASKEM AMERICA INC,BAK
BRAZOS ELECTRIC POWER COOPERATIVE INC,N/A
BRAZOS SANDY CREEK ELECTRIC COOPERATIVE INC,N/A
BRAZOS VALLEY SOLID WASTE MANAGEMENT AGENCY INC,N/A
"BRAZOS VALLEY SOLID WASTE MANAGEMENT AGENCY, INC",N/A
BREITBURN ENERGY CO LP,N/A
BREITBURN ENERGY PARTNERS LP,N/A
BREVARD COUNTY BOARD OF COMMISSIONERS,N/A
BRIDGE ENERGY LLC,N/A
BRIDGEPORT ENERGY LLC,N/A
BRIDGEPORT ETHANOL LLC,N/A
"BRIDGEPORT ETHANOL, LLC",N/A
BRIDGESTONE AMERICAS HOLDING INC,N/A
BRIDGESTONE AMERICAS INC,N/A
BRIDGESTONE PROCUREMENT HOLDINGS USA INC,N/A
BRIDGEWOOD CHUNCHULA LLC,N/A
BRIGHAM YOUNG UNIVERSITY,N/A
BRIGHTSOURCE ENERGY,N/A
BRIGHTSOURCE ENERGY INC,N/A
BRISTOL-MYERS SQUIBB CO,BMY
BROADCOM INC,AVGO
BROADCOM LTD,AVGO
BROOKFIELD INFRASTRUCTURE PARTNERS LP,BIP
BROOKFIELD INFRASTRUCTURE PTNR,N/A
BROOKFIELD RENEWABLE ENERGY GROUP,N/A
BROOKFIELD RENEWABLE ENERGY PARTNERS LP,N/A
BROOKFIELD RENEWABLE PARTNERS LP,N/A
BROOKFIELD RENEWABLE POWER,N/A
BROOKLYN NAVY YARD COGENERATION PARTNERS LP,N/A
BROOME COUNTY DIV OF SOLID WASTE MANAGEMENT,N/A
BROWARD COUNTY SOLID WASTE & RECYCLING SERVICES,N/A
BROWN COUNTY SOUTH DAKOTA,N/A
BROWN UNIVERSITY,N/A
BROWN UNIVERSITY IN PROVIDENCE IN THE STATE OF RHODE ISLAND & PROVIDENCE PLANTATIONS,N/A
BROWN-FORMAN CORP,BF.B
BROWNSVILLE PUBLIC UTILITIES BOARD,N/A
BRS INTERMEDIATE HOLDINGS LLC,N/A
BRS Intermediate Holdings LLC,N/A
BRUCE POWER LLC,N/A
BRUIN E&P PARTNERS LLC,N/A
BRUNDIDGE ACQUISITIONS,N/A
BRUNSWICK CORP,N/A
BTA,N/A
"BTU Solutions Group, LLC",N/A
BUCHANAN GENERATION LLC,N/A
BUCKEYE PARTNERS LP,N/A
BUCKEYE POLLUTION CONTROL CORP,N/A
BUCKEYE POWER CO,N/A
BUCKEYE POWER INC,N/A
BUCKEYE TECHNOLOGIES INC,N/A
BUCKNELL UNIVERSITY,N/A
BUFFALO GULF COAST TERMINALS LLC,N/A
BUNCOMBE COUNTY,N/A
BUNGE HOLDINGS NA INC,N/A
BUNGE HOLDINGS NORTH AMERICA INC,N/A
BUNGE LTD,BG
BUNGE NORTH AMERICA INC,N/A
BUREAU OF LAND MANAGEMENT,N/A
BURLINGTON COUNTY,N/A
BURLINGTON COUNTY NEW JERSEY,N/A
BURLINGTON RESOURCES OIL & GAS CO LP,N/A
BURNETT OIL CO INC,N/A
BUSHMILLS ETHANOL INC,N/A
"BUSHMILLS ETHANOL, INC",N/A
BUTLER COUNTY KANSAS,N/A
BUZZI UNICEM USA,N/A
BYRON ENERGY LLC,N/A
Bad Axe Property Corp.,N/A
Badger Creek Ltd,N/A
"Badger Creek, Ltd.",N/A
Badger State Ethanol,N/A
Bakelite LLC,N/A
Baldwin County,N/A
Baldwin County Solid Waste,N/A
Ball State University,N/A
Ballard Petroleum Holdings LLC,N/A
Baltimore County Government,N/A
"Bandera Electric Cooperative, Inc.",N/A
"Bannock County, Idaho",N/A
Barrick Gold Corporation,GOLD
"Barrow Utilities & Electric Cooperative, Inc.",N/A
Bartholomew County Solid Waste Management District,N/A
Barton County,N/A
Bartow County Government,N/A
Basic American Foods,N/A
Basin Creek Power Services,N/A
Basin Electric Power Cooperative,N/A
Bastrop Energy Partners LP,N/A
Batesville Natural Gas,N/A
"Bavarian Trucking Company, Inc.",N/A
Bill Odell,N/A
"Binderholz Live Oak, LLC",N/A
"Binghamton BOP, LLC",N/A
BioEnergy Holdings LLC,N/A
BioFuel Energy Corp,BIOF
"BioFuel Energy, LLC",N/A
BioUrja Group,N/A
Biodyne Inc,N/A
Biogas Energy Solutions,N/A
"Biogen Idec, Inc",BIIB
"Biogen Idec, Inc.",BIIB
Bionol Clearfield Holdco LLC,N/A
Birch Resources,N/A
"Bison Oil & Gas Partners II, LLC",N/A
"Black Bear Midstream, LLC",N/A
Black Hawk County Landfill,N/A
Black Hawk Mining,N/A
Black Hawk Mining LLC.,N/A
Black Hills Corporation,BKH
Black Hills Energy,BKH
"Black River Energy, LLC",N/A
Black Swan Oil & Gas LLC,N/A
Black Warrior Solid Waste Disposal Authority,N/A
"BlackBrush O & G, LLC",N/A
Blackbeard Operating LLC,N/A
"Blackbeard Operating, LLC",N/A
"Blackhawk Sub, LLC",N/A
Blackjewel,N/A
Blandin Paper Company,N/A
Blount County,N/A
Blue Dolphin Energy Company,N/A
Blue Earth County Environmental Services,N/A
Blue Heron Paper Company,N/A
Blue Island Phenol LLC,N/A
Blue Ridge Mountain Resources,N/A
Blue Ridge Resource Authority,N/A
BlueCrest Energy,N/A
BlueScope Steel Investments 2 LLC,N/A
BlueScope Steel Investments 3 LLC,N/A
BlueScope Steel Investments Inc,BLSC
BlueScope Steel Investments Inc 2,N/A
BlueScope Steel Investments Inc 3,N/A
Bluefin Resources LLC,N/A
"Bluestone Natural Resources, LLC",N/A
Board of Governors of the Colorado State University System,N/A
"Board of Regents, University System of GA",N/A
Board of Trustees,N/A
Board of Water Commissioners,N/A
Boeing Company,BA
Boise Inc,BZ
Boise Inc.,BZ
Boise Paper Holdings LLC,N/A
"Boise Paper Holdings, LLC",N/A
"Boise White Paper, LLC",N/A
"Boise, Inc",BZ
"Bonanza Creek Energy, Inc.",N/A
Bonneville Nevada Corporation,N/A
"Boomerang Power, LLC",N/A
Borough of Chambersburg,N/A
"BosPower Partners, LLC",N/A
Bountiful City,N/A
Bowfin KeyCon Power LLC,N/A
Bowie Resource Partners LLC,N/A
Bowie Resources Partners LLC,N/A
Bowline Energy,N/A
Boyd County Sanitary Landfill Inc,N/A
"Bradley County, TN",N/A
Braintree Electric Light Department,N/A
"Braskem America, Inc",BAK
"Braskem America, Inc.",BAK
Bravo Natural Gas,N/A
"Bravo Natural Resources, LLC",N/A
Brayton Point Holding LLC,N/A
"Brazos Electric Power Cooperative, Inc.",N/A
Brazos Midstream,N/A
"Brazos Sandy Creek Electric Cooperative, Inc.",N/A
"Brazos Valley Solid Waste Management Agency, Inc.",N/A
BreitBurn Energy Company LP,N/A
BreitBurn Energy Partners,N/A
BreitBurn Energy Partners L.P.,N/A
Breitburn Energy Partners LP,N/A
Brevard County Board of Commissioners,N/A
Brevard County Board of County Commissioners,N/A
Brick Power Holdings LLC,N/A
"Brick Power Holdings, LLC",N/A
Bridgeport Energy LLC,N/A
"Bridgeport Ethanol, LLC",N/A
"Bridgestone Americas Holding, Inc.",BDC
"Bridgestone Americas Tire Operations, LLC",N/A
"Bridgestone Americas, Inc",BDC
"Bridgestone Americas, Inc.",BDC
"Bridgestone Procurement Holdings USA, Inc",N/A
"Bridgestone Procurement Holdings USA, Inc.",N/A
Brigham Young University,N/A
BrightSource Energy,N/A
Bristol-Myers Squibb Company,BMY
"Broad River Power, LLC",N/A
"Broin Investments III, LLC",N/A
Brookfield Renewable Power,N/A
Broome County Division of Solid Waste Management,N/A
Broome County Division of Solid Waste Managment,N/A
Broome County Division of Sollid Waste Management,N/A
Broward County Solid Waste and Recycling Services,N/A
Broward County Solid Waste and Recycling Services - Solid Waste Operations Division,N/A
Brown County,N/A
Brown County Port & Resource Recovery Department,N/A
Brown County Port & Solid Waste Department,N/A
Brown County Port and Solid Wste Department,N/A
"Brown County, South Dakota",N/A
Brown University,N/A
Brown-Forman Corporation,BF.B
Brownsville Public Utilities Board,N/A
Brownsville Public Utility Board,N/A
"Bruce Power, LLC",N/A
"Bruin E&P Operating, LLC",N/A
Brundidge Acquisitions,N/A
Brundidge Acquisitions LLC,N/A
Brunswick Corporation,BC
"Brush Power, LLC",N/A
"Buchanan Generation, LLC",N/A
Buckeye Pollution Control Corp,N/A
Buckeye Pollution Control Corporation,N/A
Buckeye Port Reading Terminal LLC,N/A
Buckeye Power,N/A
Buckeye Power Company,N/A
Buckeye Technologies Inc.,BKI
"Buckeye Technologies, Inc.",BKI
Buckeye Texas Processing LLC,N/A
Bucknell University,N/A
"Bucksport Mill, LLC",N/A
Buffalo Gulf Coast Terminals LLC,N/A
Buncombe County,N/A
Buncombe County Solid Waste Services,N/A
Bunge Chevron Ag Renewables LLC,N/A
"Bunge Holdings North America, Inc.",N/A
Bunge North America,N/A
Bunge North America (East) LLC,N/A
"Bunge North America (East), LLC",N/A
Bunge North America (OPD West) Inc.,N/A
"Bunge North America (OPD West), Inc",N/A
"Bunge North America, Inc.",N/A
"Bunge Oils, Inc.",N/A
Burbank Water and Power,N/A
Burlington County,N/A
Burlington Electric Department,N/A
Burlington Resources Oil & Gas,N/A
Burlington Resources Oil & Gas Co LP,N/A
"Burnett Oil Co., Inc.",N/A
"Bushmills Ethanol, Inc.",N/A
"Butler County, Kansas",N/A
Buzzi Unicem USA Inc,BZ.UN
"Buzzi Unicem USA, Inc",BZ.UN
C&T Enterprises,N/A
C-K TECH INC,N/A
"C-K TECH, INC",N/A
C-K Tech Inc.,N/A
"C-K Tech, Inc.",N/A
C/O John G. Mauel,N/A
"C/R ENERGY JADE, LLC",N/A
"C/R Energy Jade, LLC",N/A
CABOT CORP,CBT
CABOT CORPORATION,CBT
CABOT O,N/A
CANTIUM LLC,N/A
CANTON DROP FORGE,N/A
CANYON COUNTY,N/A
CAPE MAY COUNTY MUNICIPAL UTILITIES AUTHORITY,N/A
CAPITAL DISTRICT ENERGY CENTRE COGENERATION ASSOCIATES,N/A
CAPITAL POWER CORP,CPX
CAPITAL POWER INVESTMENTS LLC,N/A
CAPITOL AGGREGATES INC,N/A
CAPROCK PERMIAN PROCESSING LLC,N/A
CARAUSTAR INDUSTRIES INC,CAR
CARBIDE INDUSTRIES LLC,N/A
CARBO CERAMICS INC,CRR
CARBO Ceramics Inc.,CRR
CARBON ENERGY CORP,N/A
CARBON GREEN BIOENERGY LLC,N/A
"CARBON GREEN BIOENERGY, LLC",N/A
CARBON NATURAL GAS CO,N/A
CARDINAL ETHANOL LLC,N/A
"CARDINAL ETHANOL, LLC",N/A
CARDINAL GLASS INDUSTRIES,N/A
CARDINAL GLASS INDUSTRIES INC,N/A
"CARDINAL MIDSTREAM, LLC",N/A
CARESTREAM HEALTH INC,N/A
CARGILL INC,N/A
"CARGILL, INCORPORATED",N/A
CARLYLE GROUP MANAGEMENT LLC,N/A
CARMEUSE LIME INC,N/A
CARMEUSE NORTH AMERICA,N/A
CAROLINA STALITE CO,N/A
CAROLINA STALITE CO LTD PTNR,N/A
CARPENTER TECHNOLOGY CORP,CRS
CARRERA GAS CO LLC,N/A
CARRERA GAS GATHERING LLC,N/A
CARRIZO OIL & GAS INC,CZZ
CARROLL COUNTY ENERGY LLC,N/A
CARROLL COUNTY SOLID WASTE MANAGEMENT COMMISSION,N/A
CARROLL GRAYSON GALAX SOLID WASTE AUTHORITY,N/A
CARSON ILLINOIS HOLDINGS LLC,N/A
CARUS GROUP INC,N/A
CARVER MARION WAREHAM REGIONAL REFUSE DISPOSAL DISTRICT,N/A
CARVER-MARION-WAREHAM (CMW) REGIONAL REFUSE DISPOSAL DISTRICT,N/A
CASCADES INC,CAS
CASCADES TISSUE GROUP - PENNSYLVANIA INC,N/A
CASCADES TISSUE LLC,N/A
CASCADES USA INC,N/A
CASELLA WASTE SYSTEMS INC,CWST
"CASELLA WASTE SYSTEMS, INC",CWST
CASEY CO,N/A
CASTILLO INVESTMENT HOLDINGS LLC,N/A
CASTLETON COMMODITIES INTERNATIONAL LLC,N/A
CASTLETON ENERGY CENTER LLC,N/A
"CASTLETON ENERGY CENTER, LLC",N/A
CAT CANYON RESOURCES LLC,N/A
CATALYST PAPER CORP,N/A
CATALYST PAPER OPERATIONS INC,N/A
CATAMOUNT ENERGY PARTNERS LLC,N/A
CATARINA MIDSTREAM LLC,N/A
"CATARINA MIDSTREAM, LLC",N/A
CATAWBA COUNTY,N/A
CATERPILLAR INC,CAT
CATHOLIC BISHOP OF CHICAGO,N/A
CAVENDISH AMERICA INC,N/A
CAVINESS BP IDAHO LLC,N/A
CAZA PETROLEUM LLC,N/A
"CBEL, Inc.",N/A
"CC METALS & ALLOYS, LLC",N/A
"CC Metals and Alloys, LLC",N/A
CCI Rensselaer LLC,N/A
CCRP OPERATING INC,N/A
CCRP Operating Inc,N/A
"CCS Mid-Stream Services, LLC",N/A
CCU Coal & Construction,N/A
CECIL COUNTY BOARD OF COMMISIONERS,N/A
CECIL COUNTY MARYLAND,N/A
CEDAR BAY OPERATING SERVICES INC,N/A
"CEDAR BAYOU FRACTIONATORS, LP",N/A
CEDAR FALLS UTILITIES,N/A
CEDAR RAPIDS LINN COUNTY,N/A
CEI KINGS MOUNTAIN HOLDINGS LLC,N/A
"CEI Kings Mountain Holdings, LLC",N/A
CELANESE CORP,CE
CELERO ENERGY II LP,N/A
CELLU TISSUE HOLDINGS INC,N/A
CEMEX,CX
CEMEX Construction Materials Atlantic LLC,N/A
"CEMEX Construction Materials Atlantic, LLC",N/A
CEMEX INC,CX
CEMEX Inc.,CX
CEMEX SOUTHEAST LLC,N/A
"CEMEX de Puerto Rico, Inc.",N/A
"CEMEX, INC",CX
"CEMEX, Inc",CX
"CEMEX, Inc.",CX
"CEMEX,Inc.",CX
CENTENNIAL RESOURCE DEVELOPMENT INC,CDEV
CENTENNIAL RESOURCE PRODUCTION LLC,N/A
CENTER ETHANOL CO LLC,N/A
CENTERPOINT ENERGY INC,CNP
CENTERPOINT HOLDINGS LLC,N/A
CENTRAL GLASS AMERICA INC,N/A
CENTRAL GLASS CO LTD,N/A
CENTRAL HUDSON GAS & ELECTRIC CORP,N/A
CENTRAL INDIANA ETHANOL LLC,N/A
"CENTRAL INDIANA ETHANOL, LLC",N/A
CENTRAL IOWA POWER COOPERATIVE,N/A
CENTRAL IOWA RENEWABLE ENERGY LLC,N/A
CENTRAL MICHIGAN UNIVERSITY,N/A
CENTRAL MINNESOTA ETHANOL CO-OP,N/A
CENTRAL MN RENEWABLES,N/A
CENTRAL PLAINS CEMENT CO LLC,N/A
CENTRAL STATES,N/A
CENTRAL VALLEY FINANCING AUTHORITY,N/A
CENTRAL WASTE INC,N/A
"CENTRAL WASTE, INC",N/A
CENTRIO ENERGY SEATTLE LLC,N/A
CENTURY ALUMINUM CO,CENX
CENTURY ALUMINUM CO INC,CENX
CENTURY CASTINGS CORP,N/A
CERRO GORDO COUNTY OF (INC),N/A
CERTAINTEED CORP,N/A
CEXXI INC,N/A
CF Birchwood Holdings LLC,N/A
CF INDUSTRIES HOLDINGS INC,CF
"CF INDUSTRIES HOLDINGS, Inc.",CF
"CF INDUSTRIES, Inc",CF
"CF INDUSTRIES, Inc.",CF
CFS GROUP DISPOSAL & RECYCLING SERVICES LLC,N/A
"CFS GROUP DISPOSAL & RECYCLING SERVICES, LLC",N/A
"CFS Group Disposal and Recycling Services, LLC",N/A
CGAS PROPERTIES LP,N/A
"CGAS Properties, L.P.",N/A
CGB ENTERPRISES,N/A
CGB ENTERPRISES INC,N/A
CGB Enterprises,N/A
CGL HOLDINGS LLC,N/A
CGL Holdings LLC,N/A
CGS SERVICES INC,N/A
CGS Services Inc.,N/A
CH ENERGY GROUP INC,N/A
CHALK CLIFF LTD,N/A
CHALMETTE REFINING LLC,N/A
CHAMP LANDFILL CO LLC,N/A
CHAPARRAL ENERGY INC,CHAP
"CHAPARRAL ENERGY, INC",CHAP
CHARLES COUNTY DEPARTMENT OF PUBLIC FACILITIES,N/A
CITY COUNCIL OF BALTIMORE,N/A
CITY OF AKRON,N/A
CITY OF AKRON OHIO,N/A
CITY OF ALAMOGORDO,N/A
CITY OF ALAMOGORDO PUBLIC WORKS DEPARTMENT,N/A
CITY OF ALBANY,N/A
CITY OF ALBANY NEW YORK,N/A
CITY OF ALBEMARLE,N/A
CITY OF ALBEMARLE NORTH CAROLINA,N/A
CITY OF ALBUQUERQUE,N/A
CITY OF ALBUQUERQUE NEW MEXICO,N/A
CITY OF ALCOA,N/A
CITY OF ALCOA TENNESSEE,N/A
CITY OF ALEXANDRIA,N/A
CITY OF ALEXANDRIA LA,N/A
CITY OF ALEXANDRIA LOUISIANA,N/A
CITY OF AMARILLO,N/A
CITY OF AMARILLO TEXAS,N/A
CITY OF AMES,N/A
CITY OF AMES IOWA,N/A
CITY OF ANAHEIM,N/A
CITY OF ANAHEIM CALIFORNIA,N/A
CITY OF ANAHEIM PUBLIC UTILITIES DEPARTMENT,N/A
CITY OF ANN ARBOR,N/A
CITY OF ANN ARBOR (MUNICIPALLY OWNED),N/A
CITY OF ANN ARBOR MICHIGAN,N/A
CITY OF ARLINGTON,N/A
CITY OF ATLANTA,N/A
CITY OF ATLANTA GEORGIA,N/A
CITY OF AUBURN,N/A
CITY OF AUBURN NEW YORK,N/A
CITY OF AUSTIN,N/A
CITY OF BAKERSFIELD,N/A
CITY OF BATON ROUGE,N/A
CITY OF BATON ROUGE LOUISIANA,N/A
CITY OF BATON ROUGE/PARISH OF EAST BATON ROUGE - PUBLIC WORKS DEPARTMENT,N/A
CITY OF BEATRICE,N/A
CITY OF BEATRICE NEBRASKA,N/A
"CITY OF BEATRICE, NEBRASKA",N/A
CITY OF BEAUMONT,N/A
CITY OF BENTON,N/A
CITY OF BENTON KENTUCKY,N/A
CITY OF BIRMINGHAM,N/A
CITY OF BIRMINGHAM AL,N/A
CITY OF BIRMINGHAM ALABAMA,N/A
CITY OF BOUNTIFUL,N/A
CITY OF BOUNTIFUL UTAH,N/A
CITY OF BRISTOL,N/A
CITY OF BRISTOL VIRGINIA,N/A
CITY OF BROKEN ARROW,N/A
CITY OF BROOKINGS LANDFILL,N/A
CITY OF BROWNSVILLE,N/A
CITY OF BRYAN,N/A
CITY OF BRYAN TEXAS,N/A
CITY OF BURBANK,N/A
CITY OF CAIRO,N/A
CITY OF CAIRO IL,N/A
CITY OF CAIRO ILLINOIS,N/A
CITY OF CANTON,N/A
CITY OF CANTON MISSISSIPPI,N/A
CITY OF CANTON SANITARY LANDFILL,N/A
CITY OF CARLSBAD,N/A
CITY OF CARLSBAD NEW MEXICO,N/A
CITY OF CASPER,N/A
CITY OF CASPER WYOMING,N/A
CITY OF CHANUTE,N/A
CITY OF CHANUTE KANSAS,N/A
CITY OF CHARLESTON,N/A
CITY OF CHARLOTTESVILLE,N/A
CITY OF CHARLOTTESVILLE VIRGINIA,N/A
CITY OF CHATTANOOGA,N/A
CITY OF CHATTANOOGA TENNESSEE,N/A
CITY OF CHEYENNE,N/A
CITY OF CHEYENNE WYOMING,N/A
CITY OF CLARKSVILLE,N/A
CITY OF CLOVIS,N/A
CITY OF CLOVIS CALIFORNIA,N/A
CITY OF COFFEYVILLE,N/A
CITY OF COFFEYVILLE KANSAS,N/A
CITY OF COLTON CA,N/A
CITY OF COLTON CALIFORNIA,N/A
CITY OF COLUMBIA MISSOURI,N/A
CITY OF CONWAY,N/A
CITY OF CONWAY ARKANSAS,N/A
CITY OF CORPUS CHRISTI,N/A
CITY OF CORPUS CHRISTI TEXAS,N/A
CITY OF CORSICANA,N/A
CITY OF COVINGTON TENNESSEE,N/A
CITY OF COVINGTON TN,N/A
CITY OF DALLAS TEXAS,N/A
CITY OF DECATUR & MORGAN COUNTY,N/A
CITY OF DECATUR & MORGAN COUNTY ALABAMA,N/A
CITY OF DEMING,N/A
CITY OF DEMING NEW MEXICO,N/A
CITY OF DENTON,N/A
CITY OF DENTON TEXAS,N/A
CITY OF DOTHAN AL,N/A
CITY OF DOTHAN ALABAMA,N/A
CITY OF DOVER,N/A
CITY OF DOVER OHIO,N/A
CITY OF DULUTH,N/A
CITY OF DULUTH MINNESOTA,N/A
CITY OF DULUTH MN,N/A
CITY OF EDINBURG SOLD WASTE DEPARTMENT,N/A
CITY OF EL PASO,N/A
CITY OF EL PASO TEXAS,N/A
CITY OF ELKO,N/A
CITY OF ELKO NEVADA,N/A
CITY OF ESCANABA,N/A
CITY OF FARMERS BRANCH,N/A
CITY OF FARMINGTON,N/A
CITY OF FARMINGTON NEW MEXICO,N/A
CITY OF FAYETTEVILLE TENNESSEE,N/A
CITY OF FLAGSTAFF,N/A
CITY OF FLAGSTAFF ARIZONA,N/A
CITY OF FORT COLLINS COLORADO,N/A
CITY OF FORT MORGAN,N/A
CITY OF FORT MORGAN COLORADO,N/A
CITY OF FORT WORTH,N/A
CITY OF FORT WORTH TEXAS,N/A
CITY OF FORT WORTH TEXAS ENV,N/A
CITY OF FOUNTAIN INN,N/A
CITY OF FOUNTAIN INN SOUTH CAROLINA,N/A
CITY OF FREMONT,N/A
CITY OF FREMONT NEBRASKA,N/A
CITY OF FT SMITH,N/A
CITY OF FT SMITH ARKANSAS,N/A
CITY OF FULTON MISSOURI,N/A
CITY OF GAINESVILLE,N/A
CITY OF GAINESVILLE FLORIDA,N/A
CITY OF GARLAND,N/A
CITY OF GARLAND TEXAS,N/A
CITY OF GARY INDIANA,N/A
CITY OF GLASGOW KENTUCKY,N/A
CITY OF GLASGOW KY,N/A
CITY OF GLENDALE,N/A
CITY OF GLENDALE CALIFORNIA,N/A
CITY OF GLOVERSVILLE,N/A
CITY OF GLOVERSVILLE NEW YORK,N/A
CITY OF GRAND FORKS,N/A
CITY OF GRAND FORKS ND,N/A
CITY OF GRAND FORKS NORTH DAKOTA,N/A
CITY OF GRAND ISLAND NEBRASKA,N/A
CITY OF GRAND PRAIRIE,N/A
CITY OF GRAND PRAIRIE TEXAS,N/A
CITY OF GREENSBORO NORTH CAROLINA,N/A
CITY OF GREENVILLE SC,N/A
CITY OF GREENVILLE SOUTH CAROLINA,N/A
CITY OF HAMILTON,N/A
CITY OF HAMPTON,N/A
CITY OF HAMPTON VIRGINIA,N/A
CITY OF HASTINGS NE,N/A
CITY OF HASTINGS NEBRASKA,N/A
CITY OF HENDERSON,N/A
CITY OF HENDERSON KY,N/A
CITY OF HIBBING,N/A
CITY OF HIBBING MINNESOTA,N/A
CITY OF HIGH POINT,N/A
CITY OF HIGH POINT NORTH CAROLINA,N/A
CITY OF HOLLAND,N/A
CITY OF HOLLAND MICHIGAN,N/A
CITY OF HOUSTON,N/A
CITY OF HOUSTON TEXAS,N/A
CITY OF HUMBOLDT,N/A
CITY OF HUMBOLDT CALIFORNIA,N/A
CITY OF INDEPENDENCE MISSOURI,N/A
CITY OF IOWA CITY,N/A
CITY OF IOWA CITY IOWA,N/A
CITY OF IRVING TEXAS,N/A
CITY OF IRVING TX,N/A
CITY OF JACKSONVILLE,N/A
CITY OF JACKSONVILLE TEXAS,N/A
CITY OF JAMESTOWN,N/A
CITY OF JAMESTOWN NEW YORK,N/A
CITY OF JANESVILLE,N/A
CITY OF JANESVILLE WISCONSIN,N/A
CITY OF JASPER IN,N/A
CITY OF JASPER INDIANA,N/A
CITY OF JOHNSON CITY,N/A
CITY OF KEARNEY,N/A
CITY OF KERRVILLE,N/A
CITY OF KINGMAN KS,N/A
CITY OF LAGRANGE,N/A
CITY OF LAGRANGE GEORGIA,N/A
CITY OF LAKE HAVASU,N/A
CITY OF LAKE WORTH,N/A
CITY OF LAKE WORTH FLORIDA,N/A
CITY OF LAKE WORTH UTILITIES,N/A
CITY OF LAKELAND,N/A
CITY OF LAKELAND FLORIDA,N/A
CITY OF LAREDO,N/A
CITY OF LAS CRUCES NEW MEXICO,N/A
CITY OF LAWTON,N/A
CITY OF LEBANON,N/A
CITY OF LEBANON NEW HAMPSHIRE,N/A
CITY OF LEE'S SUMMIT MISSOURI,N/A
CITY OF LEXINGTON,N/A
CITY OF LEXINGTON NORTH CAROLINA,N/A
CITY OF LINCOLN,N/A
CITY OF LINCOLN NEBRASKA,N/A
CITY OF LINDEN,N/A
CITY OF LITTLE ROCK,N/A
CITY OF LITTLE ROCK ARKANSAS,N/A
CITY OF LOGAN,N/A
CITY OF LOGAN UTAH,N/A
CITY OF LOMPOC,N/A
CITY OF LOMPOC CALIFORNIA,N/A
CITY OF LONG BEACH,N/A
CITY OF LONG BEACH CALIFORNIA,N/A
CITY OF LOS ANGELES,N/A
CITY OF LOS ANGELES CA,N/A
CITY OF LOS ANGELES CALIFORNIA,N/A
CITY OF LOS ANGELES DEPARTMENT OF AIRPORTS,N/A
CITY OF LOS ANGELES DEPARTMENT OF WATER & POWER,N/A
CITY OF LOVELAND COLORADO,N/A
CITY OF LUBBOCK TEXAS,N/A
CITY OF LUBBOCK TEXAS TEXAS,N/A
CITY OF MARTINSVILLE,N/A
CITY OF MARYVILLE,N/A
CITY OF MARYVILLE TENNESSEE,N/A
CITY OF MEMPHIS,N/A
CITY OF MEMPHIS TENNESSEE,N/A
CITY OF MESA,N/A
CITY OF MESA ARIZONA,N/A
CITY OF MIDLAND MICHIGAN,N/A
CITY OF MIDLAND TEXAS,N/A
CITY OF MIDLAND TEXAS TEXAS,N/A
CITY OF MODESTO,N/A
CITY OF MODESTO CALIFORNIA,N/A
CITY OF MONTGOMERY,N/A
CITY OF MONTGOMERY ALABAMA,N/A
CITY OF MORGAN CITY,N/A
CITY OF MORRILTON AR,N/A
CITY OF MORRILTON ARKANSAS,N/A
CITY OF MORRIS ILLINOIS,N/A
CITY OF MOUNTAIN VIEW,N/A
CITY OF MT PLEASANT,N/A
CITY OF MURRAY,N/A
CITY OF MURRAY KENTUCKY,N/A
CITY OF NACOGDOCHES,N/A
CITY OF NASHUA DEPARTMENT OF PUBLIC WORKS,N/A
CITY OF NEW YORK,N/A
CITY OF NEW YORK DEPARTMENT OF SANITATION (DSNY),N/A
CITY OF NEW YORK NEW YORK,N/A
CITY OF NEWTON IOWA,N/A
CITY OF NORTHAMPTON MASSACHUSETTS,N/A
CITY OF NORWICH CONNECTICUT,N/A
CITY OF NORWICH CT,N/A
CITY OF OKMULGEE OKLAHOMA,N/A
CITY OF ORLANDO,N/A
CITY OF ORRVILLE,N/A
CITY OF ORRVILLE OHIO,N/A
CITY OF OXNARD,N/A
CITY OF PAINESVILLE,N/A
CITY OF PAINESVILLE OHIO,N/A
CITY OF PALO ALTO,N/A
CITY OF PALO ALTO CALIFORNIA,N/A
CITY OF PAMPA,N/A
CITY OF PAMPA TEXAS,N/A
CITY OF PASADENA,N/A
CITY OF PASADENA CALIFORNIA,N/A
CITY OF PENSACOLA,N/A
CITY OF PENSACOLA FLORIDA,N/A
CITY OF PERRYVILLE,N/A
CITY OF PERRYVILLE MISSOURI,N/A
CITY OF PHOENIX,N/A
CITY OF PHOENIX ARIZONA,N/A
CITY OF PONCA CITY,N/A
CITY OF PONCA CITY OKLAHOMA,N/A
CITY OF PORT ARTHUR,N/A
CITY OF RALEIGH,N/A
CITY OF RAPID CITY,N/A
CITY OF RAPID CITY SOUTH DAKOTA,N/A
CITY OF REDDING,N/A
CITY OF REDDING CALIFORNIA,N/A
CITY OF REDLANDS MUNICIPAL UTILITIES DEPARTMENT,N/A
CITY OF REDLANDS MUNICIPAL UTILITIES DEPARTMENT,N/A
CITY OF RENSSELAER GAS UTILITY,N/A
CITY OF RICHLAND WASHINGTON,N/A
CITY OF RICHMOND,N/A
CITY OF RICHMOND VIRGINIA,N/A
CITY OF RIVERSIDE PUBLIC UTILITY,N/A
CITY OF RIVERVIEW,N/A
CITY OF RIVERVIEW MICHIGAN,N/A
CITY OF SALINA,N/A
CITY OF SALINA,N/A
CITY OF SALINA KANSAS,N/A
CITY OF SALLISAW,N/A
CITY OF SALLISAW OKLAHOMA,N/A
CITY OF SAN ANGELO LANDFILL,N/A
CITY OF SAN ANTONIO,N/A
CITY OF SAN ANTONIO TEXAS,N/A
CITY OF SAN DIEGO,N/A
CITY OF SAN JOSE CA,N/A
CITY OF SAN JOSE CALIFORNIA,N/A
CITY OF SAN MARCOS,N/A
CITY OF SAN MARCOS TEXAS,N/A
CITY OF SANTA CLARA CA,N/A
CITY OF SANTA CLARA CALIFORNIA,N/A
CITY OF SANTA MARIA,N/A
CITY OF SAVANNAH SANITATION BUREAU,N/A
CITY OF SCOTTSBORO,N/A
CITY OF SCOTTSBORO ALABAMA,N/A
CITY OF SEATTLE (SEATTLE CITY LIGHT DEPARTMENT),N/A
CITY OF SHREVEPORT,N/A
CITY OF SHREVEPORT LOUISIANA,N/A
CITY OF SIOUX FALLS,N/A
CITY OF SIOUX FALLS SOUTH DAKOTA,N/A
CITY OF SNYDER,N/A
CITY OF SNYDER TEXAS,N/A
CITY OF SPOKANE,N/A
CITY OF SPOKANE WASHINGTON,N/A
CITY OF SPRINGFIELD,N/A
CITY OF SPRINGFIELD DEPARTMENT OF PUBLIC WORKS,N/A
CITY OF SPRINGFIELD ILLINOIS,N/A
CITY OF ST GEORGE,N/A
CITY OF ST GEORGE UTAH,N/A
CITY OF ST JAMES,N/A
CITY OF ST JOSEPH,N/A
CITY OF ST JOSEPH MISSOURI,N/A
CITY OF STAUNTON,N/A
CITY OF STAUNTON VIRGINIA,N/A
CITY OF SUPERIOR WISCONSIN,N/A
CITY OF TACOMA,N/A
CITY OF TACOMA WASHINGTON,N/A
CITY OF TALLAHASSEE,N/A
CITY OF TALLAHASSEE FLORIDA,N/A
CITY OF TAMPA,N/A
CITY OF TAMPA FLORIDA,N/A
CITY OF THOMASVILLE,N/A
CITY OF THOMASVILLE GEORGIA,N/A
CITY OF TIFTON,N/A
CITY OF TIFTON GEORGIA,N/A
CITY OF TOLEDO,N/A
CITY OF TOLEDO OHIO,N/A
CITY OF TUCSON ENVIRONMENTAL SERVICES,N/A
CITY OF TUSCON ENVIRONMENTAL SERVICES,N/A
CITY OF TYLER,N/A
CITY OF UNALASKA,N/A
CITY OF UNALASKA ALASKA,N/A
CITY OF UNION,N/A
CITY OF UNION SOUTH CAROLINA,N/A
CITY OF VERMILLION SD,N/A
CITY OF VERMILLION SOUTH DAKOTA,N/A
CITY OF VERNON,N/A
CITY OF VERNON CALIFORNIA,N/A
CITY OF VICTORIA,N/A
CITY OF VINELAND,N/A
CITY OF VINELAND NEW JERSEY,N/A
CITY OF VIRGINIA,N/A
CITY OF VIRGINIA MINNESOTA,N/A
CITY OF WACO,N/A
CITY OF WATERTOWN,N/A
CITY OF WATERTOWN SOUTH DAKOTA,N/A
CITY OF WATSONVILLE DEPARTMENT OF PUBLIC WORKS & UTILITIES,N/A
CITY OF WAYNESBORO,N/A
CITY OF WAYNESBORO VIRGINIA,N/A
CITY OF WHITTIER,N/A
CITY OF WICHITA,N/A
CITY OF WICHITA FALLS,N/A
CITY OF WICHITA FALLS TEXAS,N/A
CITY OF WICHITA KANSAS,N/A
CITY OF WILLMAR MINNESOTA,N/A
CITY OF WILMINGTON,N/A
CITY OF WILMINGTON DELAWARE,N/A
CITY OF WINFIELD KS,N/A
CITY OF WINSTON-SALEM,N/A
CITY PUBLIC SERVICES OF SAN ANTONIO,N/A
CITY PUBLIC SERVICES OF SAN ANTONIO TEXAS,N/A
CITY UTILITIES OF SPRINGFIELD,N/A
CITY UTILITIES OF SPRINGFIELD MISSOURI,N/A
CITY WATER & LIGHT OF JONESBORO,N/A
CITY WATER & LIGHT PLANT OF THE CITY OF JONESBORO,N/A
CITY WATER & LIGHT PLANT OF THE CITY OF JONESBORO ARKANSAS,N/A
CIVITAS RESOURCES INC,N/A
CJM OF FLORIDA LLC,N/A
"CJM of Florida, LLC",N/A
CK TECHNOLOGIES INC,N/A
CLARIANT CORP,N/A
CLARION INDUSTRIES INC,N/A
CLARIOS LLC,N/A
CLARK COUNTY BOARD OF COMMISSIONERS,N/A
CLARK PUBLIC UTILITIES,N/A
CLARKE-MOBILE COUNTIES GAS DISTRICT,N/A
CLARKSDALE PUBLIC UTILITIES COMMISSION,N/A
CLAY ENDICOTT PRODUCTS CO,N/A
CLAYTON COUNTY BOARD OF COMMISSIONERS,N/A
CLAYTON DUBILIER & RICE,N/A
CLAYTON DUBILIER & RICE LLC,N/A
CLAYTON WILLIAMS ENERGY INC,N/A
CLEAN ENERGY FUTURES - LORDSTOWN LLC,N/A
CLEAN HARBORS INC,CLH
CLEAN HARBORS LLC,N/A
CLEAR AIR FORCE STATION,N/A
CLEARWATER PAPER CORP,CLW
CLEARWAY ENERGY GROUP LLC,N/A
CLEARWAY ENERGY INC,CWEN
"CLEARWAY ENERGY, INC",CWEN
CLECO CAJUN LLC,N/A
CLECO CORP,CNL
CLECO CORPORATE HOLDINGS LLC,N/A
"CLECO CORPORATE HOLDINGS, LLC",N/A
"CLECO Corporate Holdings, LLC",N/A
CLEO CORPORATE HOLDINGS LLC,N/A
CLEVELAND CLIFFS INC,CLF
CLEVELAND CLINIC,N/A
CLEVELAND COUNTY HEALTH DEPARTMENT,N/A
CLEVELAND THERMAL LLC,N/A
"CLEVELAND THERMAL, LLC",N/A
CLEVELAND-CLIFFS INC,CLF
CLF PinnOak LLC,N/A
CLIFFS NATURAL RESOURCES,CLF
CLINTON COUNTY AREA SOLID WASTE AGENCY,N/A
CLINTON COUNTY SOLID WASTE AUTHORITY,N/A
CLOVER FLAT LANDFILL INC,N/A
"CLOVER FLAT LANDFILL, INC",N/A
"CM Holdings, Inc.",N/A
CML EXPLORATION LLC,N/A
"CML Exploration, LLC",N/A
CMO INC,N/A
"CMO, Inc.",N/A
CMS ENERGY CORP,CMS
CMS Energy,CMS
CMS Energy Corporation,CMS
CMS Generation Filer City Inc.,N/A
CNX Gas Company,N/A
CNX RESOURCES CORP,CNX
CNX Resources Corp,CNX
"COAL RIVER MINING, L.L.C.",N/A
COASTAL REGIONAL SOLID WASTE MANAGEMENT AUTHORITY,N/A
COE BRIDGEWATER LLC C/O THOR EQUITIES LLC,N/A
"COE Bridgewater LLC c/o Thor Equities, LLC",N/A
COEUR MINING INC,CDE
COFFEE COUNTY COMMISSION,N/A
"COG OPERATING, LLC",N/A
COGENT MIDSTREAM WESTEX LLC,N/A
COGENTRIX ENERGY,N/A
COGENTRIX ENERGY LLC,N/A
COLLEGIATE MIDSTREAM LLC,N/A
COLLUMS LUMBER MILL INC,N/A
COLORADO BEND 1 POWER LLC,N/A
COLORADO SPRINGS UTILITIES,N/A
COLORADO STATE UNIVERSITY SYSTEM,N/A
COLSTRIP ENERGY LP,N/A
COLT MIDSTREAM LLC,N/A
COLUMBIA CITY OF (INC),N/A
COLUMBIA COUNTY FL,N/A
COLUMBIA COUNTY GA,N/A
COLUMBIA COUNTY GEORGIA,N/A
COLUMBIA PIPELINE GROUP,N/A
COLUMBIAN CHEMICALS CO,N/A
COLUMBUS CONSOLIDATED GOVERNMENT,N/A
COLUMBUS GEORGIA CONSOLIDATED GOVERNMENT,N/A
COMMERCIAL BRICK CO,N/A
COMMERCIAL BRICK CORP,N/A
COMMERCIAL METALS CO,CMS
COMMERCIAL METALS COMPANY,CMS
COMMONWEALTH ENVIRONMENTAL SYSTEMS,N/A
COMMONWEALTH OF MASSACHUSETTS,N/A
COMMONWEALTH OF VIRGINIA,N/A
"COMMONWEALTH PLYWOOD CO, LTD",N/A
COMMONWEALTH ROLLED PRODUCTS INC,N/A
COMMUNITY ECO POWER LLC,N/A
"COMMUNITY REFUSE SERVICE, INC",N/A
COMPASS MINERALS,CMP
COMPASS MINERALS INTERNATIONAL INC,CMP
COMPASS PRODUCTION PARTNERS LP,N/A
"COMPASS PRODUCTION PARTNERS, LP",N/A
COMPLETE PAPER INC,N/A
COMSTOCK RESOURCES,CRK
COMSTOCK RESOURCES INC,CRK
"COMSTOCK RESOURCES, INC.",CRK
COMVEST US PIPE HOLDINGS LLC,N/A
CONAGRA BRANDS INC,CAG
CONAGRA FOODS INC,CAG
CONAGRA FOODS Packaged Foods LLC,N/A
CONCHO RESOURCES INC,N/A
CONESTOGA ENERGY HOLDINGS LLC,N/A
CONESTOGA ENERGY PARTNERS LLC,N/A
CONFLUENCE DJ LLC,N/A
CONOCO PHILLIPS,COP
CONOCOPHILLIPS,COP
CONOCOPHILLIPS CO,COP
CONOPCO INC,N/A
CONSOL ENERGY INC,CEIX
CONSOL Energy,CEIX
CONSOL Energy Inc.,CEIX
CONSOLIDATED EDISON INC,ED
CONSOLIDATED PRECISION PRODUCTS,N/A
CONSOLIDATED WY MUNICIPALITIES ELECTRIC POWER SYSTEM,N/A
CONSTELLATION ENERGY GROUP,CEG
CONSTELLIUM NV,CSTM
CONTANGO RESOURCES LLC,N/A
CONTINENTAL BUILDING PRODUCTS OPERATING CO LLC,N/A
CONTINENTAL CARBON CO,N/A
CONTINENTAL CASTING LLC,N/A
CONTINENTAL ENERGY SYSTEMS,N/A
CONTINENTAL GRAIN CO,N/A
CONTINENTAL REFINING CO LLC,N/A
CONTINENTAL RESOURCES INC,CLR
CONTINENTAL TIRE THE AMERICAS LLC,N/A
CONTITECH NORTH AMERICA INC,N/A
CONTOURGLOBAL,N/A
CONTRAN CORP,N/A
CONTURA ENERGY,N/A
CONTURA ENERGY INC,N/A
CONTURA ENERGY LLC,N/A
CONVERGEN ENERGY,N/A
COOK INLET ENERGY LLC,N/A
COOPER RIVER PARTNERS LLC,N/A
"COOPER RIVER PARTNERS, LLC",N/A
COOPER TIRE & RUBBER CO,CTB
COOPER TIRE & RUBBER COMPANY,CTB
COOPER TIRE AND RUBBER CO,CTB
COOPERATIVE ENERGY,N/A
COOPERATIVE ENERGY A MISSISSIPPI ELECTRIC COOPERATIVE,N/A
"COPANO ENERGY, LLC",N/A
COPANO PIPELINES/ROCKY MOUNTAINS LLC,N/A
COPPER VALLEY ELECTRIC ASSOC,N/A
COPPER VALLEY ELECTRIC ASSOC INC,N/A
COPREX LLC,N/A
CORDIA LLC,N/A
CORE ENERGY LLC,N/A
CORN BELT POWER COOPERATIVE,N/A
CORN LP,N/A
CORN PLUS ETHANOL,N/A
"CORN PRODUCTS INTERNATIONAL, INC",N/A
"CORN, LP",N/A
CORNELL UNIVERSITY,N/A
CORNERSTONE CHEMICAL COMPANY,N/A
CORNING INC,GLW
CORONA ENERGY PARTNERS LTD,N/A
"CORONA ENERGY PARTNERS, LTD",N/A
CORONADO COAL LLC,N/A
CORONADO GROUP LLC,N/A
CORONADO MIDSTREAM LLC,N/A
CORP OF THE PRESIDENT OF THE CHURCH OF JESUS CHRIST OF LATTER-DAY SAINTS,N/A
CORRAL DE PIEDRA LAND CO,N/A
"CORTERRA ENERGY, LLC",N/A
CORTEVA INC,CTVA
CORTLAND COUNTY HIGHWAY DEPARTMENT,N/A
COTERRA ENERGY INC,N/A
COTTON DRAW MIDSTREAM LLC,N/A
COULTER COS INC,N/A
COUNCIL OF DORCHESTER COUNTY,N/A
COUNTRYMARK COOPERATIVE HOLDING CORP,N/A
COUNTRYMARK COOPERATIVE LLP,N/A
COUNTY OF ADA,N/A
COUNTY OF ADA IDAHO,N/A
COUNTY OF ALAMANCE,N/A
COUNTY OF ALAMANCE NORTH CAROLINA,N/A
COUNTY OF ALLEN,N/A
COUNTY OF ALLEN KANSAS,N/A
COUNTY OF AMHERST,N/A
COUNTY OF ANGELINA,N/A
COUNTY OF ANGELINA TEXAS,N/A
COUNTY OF ANNE ARUNDEL,N/A
COUNTY OF ANNE ARUNDEL MARYLAND,N/A
COUNTY OF AUGUSTA,N/A
COUNTY OF AUGUSTA VIRGINIA,N/A
COUNTY OF AUGUSTA-RICHMOND,N/A
COUNTY OF BARTHOLOMEW,N/A
COUNTY OF BARTHOLOMEW INDIANA,N/A
COUNTY OF BEDFORD VA,N/A
COUNTY OF BEDFORD VIRGINIA,N/A
COUNTY OF BLACK HAWK,N/A
COUNTY OF BLACK HAWK IOWA,N/A
COUNTY OF BLOUNT,N/A
COUNTY OF BLOUNT TENNESSEE,N/A
COUNTY OF BRADLEY TN,N/A
COUNTY OF BREVARD,N/A
COUNTY OF BREVARD FLORIDA,N/A
COUNTY OF BROWN SOUTH DAKOTA,N/A
COUNTY OF BUNCOMBE NC,N/A
COUNTY OF BUNCOMBE NORTH CAROLINA,N/A
COUNTY OF BUTTE,N/A
COUNTY OF CAMPELL WYOMING,N/A
COUNTY OF CANYON IDAHO,N/A
COUNTY OF CATAWBA,N/A
COUNTY OF CATAWBA NORTH CAROLINA,N/A
COUNTY OF CHARLOTTE,N/A
COUNTY OF CHARLOTTE FLORIDA,N/A
COUNTY OF CHAUTAUQUA,N/A
COUNTY OF CHAUTAUQUA NEW YORK,N/A
COUNTY OF CLARK,N/A
COUNTY OF CLARK INDIANA,N/A
COUNTY OF CLAYTON,N/A
COUNTY OF CLAYTON GEORGIA,N/A
COUNTY OF COLUMBIA,N/A
COUNTY OF COLUMBIA FLORIDA,N/A
COUNTY OF CORTLAND,N/A
COUNTY OF CORTLAND NEW YORK,N/A
COUNTY OF CRAWFORD,N/A
COUNTY OF CRAWFORD OHIO,N/A
COUNTY OF CRISP,N/A
COUNTY OF CRISP GEORGIA,N/A
COUNTY OF CROOK,N/A
COUNTY OF CROOK OREGON,N/A
COUNTY OF DANE PUBLIC WORKS SOLID WASTE DIV,N/A
COUNTY OF DAVIDSON,N/A
COUNTY OF DAVIDSON NORTH CAROLINA,N/A
COUNTY OF DECATUR,N/A
COUNTY OF DEKALB,N/A
COUNTY OF DESCHUTES,N/A
COUNTY OF DESCHUTES OREGON,N/A
COUNTY OF DOUGHERTY,N/A
COUNTY OF DOUGHERTY GEORGIA,N/A
COUNTY OF EAGLE,N/A
COUNTY OF EAGLE COLORADO,N/A
COUNTY OF EDDY,N/A
COUNTY OF EDDY NEW MEXICO,N/A
COUNTY OF ELKHART,N/A
COUNTY OF ELKHART INDIANA,N/A
COUNTY OF ERIE,N/A
COUNTY OF ESCAMBIA,N/A
COUNTY OF ESCAMBIA FLORIDA,N/A
COUNTY OF FRANKLIN,N/A
COUNTY OF FRANKLIN SOLID WASTE MANAGEMENT AUTHORITY,N/A
COUNTY OF FRANKLIN VIRGINIA,N/A
COUNTY OF FRESNO,N/A
COUNTY OF FRESNO CALIFORNIA,N/A
COUNTY OF FULTON GEORGIA,N/A
COUNTY OF GEORGETOWN SOUTH CAROLINA,N/A
COUNTY OF GORDON GA,N/A
COUNTY OF GREENVILLE,N/A
COUNTY OF GREENVILLE SOUTH CAROLINA,N/A
COUNTY OF GREENWOOD,N/A
COUNTY OF GREENWOOD SOUTH CAROLINA,N/A
COUNTY OF HARDIN,N/A
COUNTY OF HARFORD,N/A
COUNTY OF HARFORD MARYLAND,N/A
COUNTY OF HAWAI'I,N/A
COUNTY OF HAWAI'I HAWAII,N/A
COUNTY OF HAWAII,N/A
COUNTY OF HAYWOOD,N/A
COUNTY OF JOHNSTON,N/A
COUNTY OF JOHNSTON NORTH CAROLINA,N/A
COUNTY OF KANE DIV OF ENV,N/A
COUNTY OF KAUAI,N/A
COUNTY OF KAUAI HAWAII,N/A
COUNTY OF KERN,N/A
COUNTY OF KERN CALIFORNIA,N/A
COUNTY OF KING,N/A
COUNTY OF KING WASHINGTON,N/A
COUNTY OF KINGS,N/A
COUNTY OF KNOX,N/A
COUNTY OF KNOX ILLINOIS,N/A
COUNTY OF KOOTENAI,N/A
COUNTY OF KOOTENAI IDAHO,N/A
COUNTY OF LA CROSSE,N/A
COUNTY OF LA CROSSE WISCONSIN,N/A
COUNTY OF LAKE,N/A
COUNTY OF LAKE OHIO,N/A
COUNTY OF LAMAR,N/A
COUNTY OF LAMAR GEORGIA,N/A
COUNTY OF LANE,N/A
COUNTY OF LANE OREGON,N/A
COUNTY OF LARIMER,N/A
COUNTY OF LARIMER COLORADO,N/A
COUNTY OF LAURENS,N/A
COUNTY OF LAURENS GEORGIA,N/A
COUNTY OF LEA,N/A
COUNTY OF LEA NEW MEXICO,N/A
COUNTY OF LEFLORE,N/A
COUNTY OF LEFLORE MISSISSIPPI,N/A
COUNTY OF LENOIR,N/A
COUNTY OF LENOIR NORTH CAROLINA,N/A
COUNTY OF LEWIS & CLARK,N/A
COUNTY OF LEWIS & CLARK MONTANA,N/A
COUNTY OF LINN,N/A
COUNTY OF LINN IOWA,N/A
COUNTY OF LOS ANGELES,N/A
COUNTY OF LOS ANGELES CALIFORNIA,N/A
COUNTY OF LOUDON,N/A
COUNTY OF LOUDOUN VIRGINIA,N/A
COUNTY OF LYCOMING,N/A
COUNTY OF LYCOMING PENNSYLVANIA,N/A
COUNTY OF LYON,N/A
COUNTY OF LYON MINNESOTA,N/A
COUNTY OF MADERA,N/A
COUNTY OF MADERA CALIFORNIA,N/A
COUNTY OF MADISON,N/A
COUNTY OF MADISON NEW YORK,N/A
COUNTY OF MANATEE,N/A
COUNTY OF MARATHON,N/A
COUNTY OF MARICOPA,N/A
COUNTY OF MARICOPA ARIZONA,N/A
COUNTY OF MARION,N/A
COUNTY OF MARION TENNESSEE,N/A
COUNTY OF MAUI,N/A
COUNTY OF MAUI HAWAII,N/A
COUNTY OF MESA,N/A
COUNTY OF MESA COLORADO,N/A
COUNTY OF MIAMI-DADE,N/A
COUNTY OF MIAMI-DADE FLORIDA,N/A
COUNTY OF MIAMI-DADE WASTE MANAGEMENT,N/A
COUNTY OF MOHAVE,N/A
COUNTY OF MONMOUTH,N/A
COUNTY OF MONMOUTH NEW JERSEY,N/A
COUNTY OF MORRISON,N/A
COUNTY OF MURRAY,N/A
COUNTY OF MURRAY GEORGIA,N/A
COUNTY OF MUSCATINE,N/A
COUNTY OF MUSCATINE IOWA,N/A
COUNTY OF MUSKEGON,N/A
COUNTY OF MUSKEGON MICHIGAN,N/A
COUNTY OF NEW HANOVER,N/A
COUNTY OF NEW HANOVER NORTH CAROLINA,N/A
COUNTY OF OLMSTED,N/A
COUNTY OF OLMSTED MINNESOTA,N/A
COUNTY OF ONSLOW,N/A
COUNTY OF ONSLOW NORTH CAROLINA,N/A
COUNTY OF ORANGE CA,N/A
COUNTY OF ORANGE CALIFORNIA,N/A
COUNTY OF ORANGE NEW YORK,N/A
COUNTY OF ORANGE NY,N/A
COUNTY OF ORANGE VA,N/A
COUNTY OF ORANGE VIRGINIA,N/A
COUNTY OF OSWEGO,N/A
COUNTY OF OSWEGO NEW YORK,N/A
COUNTY OF OUTAGAMIE,N/A
COUNTY OF OUTAGAMIE WISCONSIN,N/A
COUNTY OF PEORIA,N/A
COUNTY OF PEORIA ILLINOIS,N/A
COUNTY OF PINELLAS,N/A
COUNTY OF PINELLAS FLORIDA,N/A
COUNTY OF POLK,N/A
COUNTY OF POLK FLORIDA,N/A
COUNTY OF RIVERSIDE,N/A
COUNTY OF RIVERSIDE CALIFORNIA,N/A
COUNTY OF ROANOKE,N/A
COUNTY OF ROANOKE VIRGINIA,N/A
COUNTY OF SACRAMENTO,N/A
COUNTY OF SALT LAKE UTAH,N/A
COUNTY OF SAMPSON NORTH CAROLINA,N/A
COUNTY OF SAN BERNADINO SOLID WASTE MANAGEMENT DIV,N/A
COUNTY OF SAN BERNARDINO SOLID WASTE MANAGEMENT DIV,N/A
COUNTY OF SAN JOAQUIN,N/A
COUNTY OF SANDOVAL NEW MEXICO,N/A
COUNTY OF SANTA CRUZ DEPARTMENT OF PUBLIC WORKS,N/A
COUNTY OF SARASOTA,N/A
COUNTY OF SARASOTA FLORIDA,N/A
COUNTY OF SARPY NEBRASKA,N/A
COUNTY OF SEWARD KANSAS,N/A
COUNTY OF SHASTA,N/A
COUNTY OF SHASTA CALIFORNIA,N/A
COUNTY OF SNOHOMISH WASHINGTON,N/A
COUNTY OF SPARTANBURG SOUTH CAROLINA,N/A
COUNTY OF STAFFORD VIRGINIA,N/A
COUNTY OF STANISLAUS,N/A
COUNTY OF STANISLAUS CA,N/A
COUNTY OF STANISLAUS CALIFORNIA,N/A
COUNTY OF STEELE MINNESOTA,N/A
COUNTY OF WAYNE,N/A
COUNTY OF WAYNE NORTH CAROLINA,N/A
COUNTY OF WEBER,N/A
COUNTY OF WEBER UTAH,N/A
COUNTY OF WHITESIDE,N/A
COUNTY OF WHITESIDE ILLINOIS,N/A
COUNTY OF YAKIMA,N/A
COUNTY OF GREENWOOD,N/A
COUNTY OF SANDOVAL NEW MEXICO,N/A
COUNTY SANITATION DISTRICT NO 2 OF LOS ANGELES COUNTY,N/A
COUNTY SOLID WASTE DEPARTMENT,N/A
COVANCE INC,CVD
COVANTA ENERGY,CVA
COVANTA HOLDING CORP,CVA
COVANTA HOLDINGS CORP,N/A
COVESTRO LCC,N/A
COVESTRO LLC,N/A
COVEY PARK ENERGY,N/A
COVIA HOLDINGS,N/A
COVIA HOLDINGS CORP,N/A
COVORO MINING SOLUTIONS LLC,N/A
COWLES PUBLISHING CO,N/A
COWLITZ COUNTY,N/A
COWLITZ COUNTY WASHINGTON,N/A
COX OIL,N/A
COX OIL CO INC,N/A
"CP Crane Power, LLC",N/A
CPI Power (US) GP,N/A
CPI USA NORTH CAROLINA LLC,N/A
CPI USA North Carolina LLC,N/A
CPL RETAIL ENERGY LP,N/A
CPN MANAGEMENT LP,N/A
CPS ENERGY,N/A
CPS Energy,N/A
CPV FAIRVIEW LLC CPV FAIRVIEW,N/A
CPV Fairview LLC,N/A
"CPV Maryland, LLC",N/A
CPV POWER HOLDINGS LP,N/A
CPV Power Holdings LP,N/A
"CPV Power Holdings, LP",N/A
CPV SHORE LLC,N/A
"CPV Sentinel, LLC",N/A
CPV VALLEY LLC,N/A
CPV Valley LLC,N/A
CPX Energy,N/A
CR&R INC,N/A
"CR&R, Inc.",N/A
CRAIGHEAD CO SOLID WASTE DISPOSAL AUTHORITY,N/A
CRAIGHEAD COUNTY SOLID WASTE DISPOSAL AUTHORITY,N/A
"CRAWFISH COGEN, LLC",N/A
CRAWFORD COUNTY BOARD OF COMMISSIONERS,N/A
CRAWFORDSVILLE ELECTRIC LIGHT & POWER,N/A
CRAWFORDSVILLE ENERGY LLC,N/A
CREE INC,CREE
CRESCENT PASS ENERGY LLC,N/A
CRESCENT POINT ENERGY US CORP,CPG
CRESTONE ENERGY VENTURES LLC,N/A
CRESTONE GATHERING SERVICES LLC,N/A
CRESTONE PEAK RESOURCES LLC,N/A
CRESTONE PEAK RESOURCES LP,N/A
CRESTWOOD APPALACHIA PIPELINE LLC,N/A
CRESTWOOD ENERGY,N/A
CRESTWOOD EQUITY PARTNERS LP,N/A
CRESTWOOD MARCELLUS MIDSTREAM LLC,N/A
CRESTWOOD MIDSTREAM PARTNERS LP,N/A
CRH AMERICAS INC,CRH
CRH AMERICAS MATERIALS INC,CRH
CRH Americas Materials INC,CRH
"CRH Americas Materials, Inc",CRH
CRICKET VALLEY ENERGY CENTER LLC,N/A
CRIMSON ENERGY PARTNERS IV LLC,N/A
CRIMSON RESOURCE MANAGEMENT CORP,N/A
CRISP COUNTY BOARD OF COMMISSIONERS,N/A
CRISTAL USA INC,N/A
CRITTENDEN COUNTY AR,N/A
CROCKETT COGENERATION A CALIFORNIA LP,N/A
CROCKETT COGENERATION A CALIFORNIA LTD PTNR,N/A
CRODA INTERNATIONAL PUBLIC LC,CRDA
CROOK COUNTY GOVERNMENT,N/A
CROSS TIMBERS ENERGY LLC,N/A
CROSSTEX ENERGY SERVICES LP,N/A
CROSSTEX NORTH TEXAS GATHERING LP,N/A
CROSSTEX PERMIAN LLC,N/A
CROW WING COUNTY,N/A
CROW WING COUNTY MINNESOTA,N/A
CROWHEART ENERGY LLC,N/A
CROWN PAPER GROUP INC,N/A
CROWNQUEST OPERATING LLC,N/A
CRUSOE ENERGY SYSTEMS INC,N/A
CSL BEHRING LLC,N/A
CSL Behring LLC,N/A
CSRC USA CORP,N/A
CSTN HOLDINGS INC,N/A
"CSTN Holdings, Inc",N/A
CSU TRUSTEES & CSUCI SITE AUTHORITY,N/A
CSU Trustees and CSUCI Site Authority,N/A
CUB CREEK ENERGY LLC,N/A
CULLMAN ENVIRONMENTAL,N/A
CULLMAN ENVIRONMENTAL INC,N/A
CUMBERLAND COUNTY IMPROVEMENT AUTHORITY,N/A
CUMBERLAND COUNTY SOLID WASTE MANAGEMENT,N/A
CURATORS OF THE UNIVERSITY OF MISSOURI,N/A
CURETON MIDSTREAM LLC,N/A
CUTRALE CITRUS JUICES USA INC,N/A
CVR ENERGY INC,CVI
CVR Energy,CVI
"CVR Partners, LP",N/A
CXA LA PALOMA LLC,N/A
"CXA LA PALOMA, LLC",N/A
"CXA SUNDEVIL HOLDINGS CO, INC",N/A
CYPRESS SEMICONDUCTOR CORP,N/A
CYTEC INDUSTRIES INC,N/A
Cabllo Loco Midstream,N/A
Cabot Corporation,COG
Cabot Oil & Gas Corp,COG
"Cadillac Casting, Inc.",N/A
"Caelus Energy Alaska, LLC",N/A
"Caerus Oil & Gas, LLC",N/A
Caerus Oil and Gas LLC,N/A
Caesars Entertainment Corporation,CZR
Caisse de dpt et placement du Qubec,N/A
"Caithness Energy, LLC",N/A
Caithness Long Island LLC,N/A
Calgon Carbon Corporation,N/A
"Calhoun Power CO, LLC",N/A
"Calhoun Power Company, LLC",N/A
"California Dairies, Inc.",N/A
California Department of State Hospitals,N/A
California Department of Water Resources,N/A
California Institute of Technology,N/A
California Resources Corporation,CRC
"California Steel Industries, Inc.",N/A
Calpine,CPN
Calpine Corporation,CPN
Calpine Corporatoin,N/A
"Calumet Lubricants Company, L.P.",CLMT
"Calumet Lubricants Company, LP",CLMT
"Calumet Shreveport Lubricants and Waxes, LLC",N/A
Calumet Specialty Products Partners,CLMT
"Calumet Specialty Products Partners, L.P.",CLMT
Calumet Superior LLC,N/A
Calypso Energy Holding LLC,N/A
Calypso Energy Holdings LLC,N/A
Calypso Energy Holdings LLC.,N/A
Camden County Government,N/A
Camden Plant Holding LLC,N/A
"Campbell County, VA",N/A
"Campbell County, Virginia",N/A
"Campbell County, Wyoming",N/A
Campbell Soup Company,CPB
Campbell Soup Compnay,CPB
Canada Pension Plan Investment Board,N/A
Canton Drop Forge,N/A
Canyon County,N/A
Canyon County Solid Waste Department,N/A
Cape May County Municipal Utilities Authority,N/A
Capital Five Investments,N/A
"Capital Power (US Holding), Inc.",N/A
"Capital Power (US Holdings), Inc.",N/A
Capital Power Investments LLC,N/A
Capitan Energy,N/A
Capitan Energy Inc,N/A
Capitol Aggregates,N/A
"Capitol Aggregates, Inc",N/A
Capitol District Energy Center Cogeneration Associates,N/A
Caprock Permian Processing LLC,N/A
"Caraustar Industries, Inc.",N/A
Carbide Industries LLC,N/A
"Carbon Green BioEnergy, LLC",N/A
"Cardinal Cogen, Inc.",N/A
"Cardinal Ethanol, LLC",N/A
Cardinal FG,N/A
Cardinal Glass Industries,N/A
Cardinal Glass Industries Inc,N/A
"Cardinal Glass Industries, Inc.",N/A
"Cardinal Midstream, LLC",N/A
Carestream Health Inc.,N/A
Cargill,N/A
Cargill Corn Milling,N/A
Cargill INC.,N/A
Cargill Inc,N/A
Cargill Incorporate,N/A
Cargill Incorporated,N/A
Cargill inc,N/A
"Cargill, Inc.",N/A
"Cargill, Incorporated",N/A
"Cargill,Incorporated",N/A
Carmeuse Lime & Stone,N/A
"Carmeuse Lime & Stone, Inc",N/A
"Carmeuse Lime & Stone, Inc.",N/A
Carmeuse Lime and Stone,N/A
Carmeuse Lime and Stone Inc.,N/A
"Carmeuse Lime and Stone, Inc.",N/A
"Carmeuse Lime, Inc.",N/A
Carmeuse North America,N/A
Carolina Stalite Company,N/A
Carpenter Technology Corporation,CRS
"Carrera Gas Gathering, LLC",N/A
"Carrizo Oil & Gas, Inc.",CRZO
"Carroll County Energy, LLC",N/A
Carroll County Government,N/A
Carroll County Solid Waste Management Commission,N/A
Carroll Grayson Galax Solid Waste Authority,N/A
Carson Cogeneration Company,N/A
"Carson Illinois Holdings, LLC",N/A
"Carthage Energy, LLC",N/A
Cartier Energy LLC,N/A
Carus Corporation,N/A
Carver-Marion-Wareham (CMW) Regional Refuse Disposal District,N/A
Cascades Holding US inc,N/A
Cascades USA inc,N/A
"Casella Waste Systems, Inc.",CWST
"Castillo Investment Holdings, LLC",N/A
Castleton Commodities International,N/A
Castleton Commodities International LLC,N/A
"Castleton Energy Center, LLC",N/A
Cat Canyon Resources,N/A
Catalyst Paper (Snowflake) Inc.,N/A
Catalyst Paper Operations Inc,N/A
Catawba County,N/A
Caterpillar,CAT
Caterpillar Inc,CAT
Caterpillar Inc.,CAT
"Caterpillar, Inc.",CAT
Catoosa County,N/A
Cavanta Energy Corporation,N/A
Cavendish America Inc.,N/A
"Caviness BP Idaho, LLC",N/A
Caza Petroleum LLC,N/A
Cecil County Board of Commissioners,N/A
"Cedar Bay Cogeneration, Inc.",N/A
"Cedar Bay Operating Services, LLC",N/A
"Cedar Bayou Fractionators, L.P.",N/A
Cedar Falls Municipal Electric Utility,N/A
Cedar Falls Municipal Gas Utility,N/A
Cedar Falls Utilities,N/A
Cedar II Power Corporation,N/A
Cedar Rapids Linn County,N/A
Cedar Rapids Linn County Solid Waste Agency,N/A
Cedars LLC,N/A
Celanese CORP,CE
Celanese Corporation,CE
"Cellu Tissue Holdings, Inc.",N/A
"Cemex Construction Materials Florida, LLC - Central Power and Lime, LLC",N/A
"Cemex, Inc.",CX
CenTrio Energy Seattle LLC,N/A
"Centennial Resource Production, LLC",CDEV
Center Ethanol Company LLC,N/A
CenterPoint Energy Resources CORPORATION,CNP
CenterPoint Energy Resources Corp,CNP
"CenterPoint Energy Southeastern Pipeline Holdings, LLC",N/A
"CenterPoint Energy Southeastern Pipelines Holding, LLC",N/A
"CenterPoint Energy Southeastern Pipelines Holdings, LLC",N/A
"CenterPoint Energy Southeastern Piplines Holdings, LLC",N/A
Centerpoint Energy Resources Corp,CNP
Centerpoint Holdings LLC,N/A
Central Disposal,N/A
Central Farmers Cooperative,N/A
"Central Glass America, Inc",N/A
Central Hudson Gas and Electric Corporation,N/A
"Central Indiana Ethanol, LLC",N/A
Central Iowa Health Corporation,N/A
Central Iowa Power Cooperative,N/A
Central MN Renewables,N/A
Central Michigan University,N/A
Central Minnesota Ethanol Co-op,N/A
Central Plains Cement Company LLC,N/A
"Central Power and Lime, LLC",N/A
Central States,N/A
Central Valley Financing Authority,N/A
Central Vermont Public Service Corp,N/A
"Central Waste, INC",N/A
Century Aluminum Company,CENX
"Century Brass Works, Inc.",N/A
Century Castings Corporation,N/A
CertainTeed Corporation,N/A
Chalk Cliff Limited,N/A
"Chalk Cliff, Ltd.",N/A
Chalmette Refining LLC,N/A
Chanute City of,N/A
Charles City County,N/A
Charles County Department of Public Facilities,N/A
"Charles County, MD",N/A
"Charleston Clean Energy, LLC",N/A
Charleston County Government,N/A
"Charlotte County, Fl",N/A
Charlotte Pipe & Foundry Company,CPK
Charlotte Pipe and Foundry Co.,CPK
Charter Manufacturing,N/A
Charter Manufacturing Co. Inc.,N/A
Chautauqua County,N/A
"Chemical Lime Company of Alabama, LLC d/b/a Lhoist North America",N/A
Chemical Lime Company of Arizona d/b/a Lhoist North America,N/A
Chemical Lime Company of Arizona d/b/a Lhoist North America of Arizona,N/A
"Chemical Lime Company of Missouri, Inc. d/b/a Lhoist North America",N/A
"Chemical Lime Company of Virginia, d/b/a Lhoist North America",N/A
"Chemical Lime, Ltd. d/b/a Lhoist North America",N/A
Chemtrade Logistics,N/A
Chemtura Corporation,N/A
Cheney Lime and Cement Company,N/A
Cheniere Energy Inc,LNG
"Cherokee County Cogeneration Partners, LLC",N/A
Chesapeake Energy Corporation,CHK
"Chesapeake Midstream Partners, LP",N/A
Chester County Solid Waste Authority,N/A
Chesterfield County,N/A
Chevron,CVX
Chevron Corp,CVX
Chevron Corporation,CVX
"Chevron Corporation (highest-level company in the ownership hierarchy of the refining assets only, n",CVX
Chevron Corportation,N/A
Chevron Global Power,N/A
Chevron Global Power Company,N/A
"Chevron Phillips Chemical Co, LLC",N/A
Chevron Phillips Chemical Company LLC,N/A
Chevron Phillips Chemical Company LP,N/A
"Chevron Phillips Chemical Company, LLC",N/A
"Chevron Phillips Chemical Company, LP",N/A
Chevron Pipeline Company,N/A
Chevron Texaco Corporation,N/A
Chevron U.S.A INCORPORATED,N/A
Chevron U.S.A Inc,N/A
Chevron USA Inc (CUSA),N/A
"Chevron USA, Inc.",N/A
Chicago River Marketing LLC,N/A
"Chicago White Metal Casting, Inc",N/A
"Chief Industries, Inc.",N/A
Chief Oil & Gas LLC,N/A
Children's Hospital Medical Center,N/A
Childrens Hospital Medical Center,N/A
Chippewa Valley Agrafuels Cooperative,N/A
Chisholm Energy Operating LLC,N/A
Chrin Brothers Inc.,N/A
"Chroma Operating, Inc.",N/A
Chrysler Group LLC,STLA
"Chugach Electric Association, Inc.",N/A
"Chula Vista Energy Center, LLC",N/A
Cimarex Energy Co.,N/A
Cimarex Energy Co. of Colorado,N/A
Cimarex Energy Company,N/A
Ciner Resources LP,N/A
Citizen Energy III,N/A
Citizens Energy Group,N/A
Citrus County Board of County Commission,N/A
"Citrus World, Inc.",N/A
City Bryan,N/A
City of Springfield,N/A
City Council of Baltimore,N/A
City Of Charleston,N/A
City Of Virginia,N/A
City Utilities of Springfield,N/A
"City Utilities of Springfield, Missouri",N/A
City Water and Light Plant of the City of Jonesboro,N/A
"City Water and Light of Jonesboro, AR",N/A
City and County of Denver,N/A
"City and County of Denver Department of Environmental Health, Suite 310",N/A
City and County of Honolulu,N/A
"City of Fremont, NE",N/A
"City of Akron, Ohio",N/A
City of Alamogordo,N/A
City of Alamogordo Public Works Department,N/A
City of Albany,N/A
City of Albemarle,N/A
City of Albemarle Landfill,N/A
City of Albuquerque,N/A
City of Alcoa,N/A
City of Alexandria,N/A
City of Amarillo,N/A
City of Ames,N/A
"City of Ames, IA",N/A
"City of Ames, Iowa",N/A
City of Anaheim,N/A
"City of Anaheim, Public Utilities Department",N/A
City of Ann Arbor (municipally owned),N/A
"City of Ann Arbor, Michigan (municipally owned)",N/A
City of Arlington,N/A
City of Atlanta,N/A
City of Auburn,N/A
City of Austin,N/A
City of Austin Minnesota,N/A
City of Avenal,N/A
City of Bakersfield,N/A
City of Bath,N/A
City of Baton Rouge,N/A
City of Baton Rouge/Parish of East Baton Rouge - Public Works Department,N/A
City of Beaumont,N/A
"City of Birmingham, AL",N/A
City of Boston,N/A
"City of Bozeman, Montana",N/A
City of Bristol,N/A
"City of Bristol, Virginia",N/A
City of Broken Arrow,N/A
City of Brookings Landfill,N/A
City of Brownsville,N/A
City of Bryan,N/A
City of Burbank,N/A
"City of Burbank, California",N/A
City of Canton Sanitary Landfill,N/A
City of Canton Sanitary Landfill,N/A
City of Casper,N/A
"City of Casper, Wyoming",N/A
City of Chandler,N/A
City of Chanute,N/A
City of Charlottesville,N/A
"City of Chattanooga, Tennessee",N/A
City of Cheyenne,N/A
City of Clarksville,N/A
City of Clovis,N/A
City of Coffeyville,N/A
City of Coffeyville Municipal Light & Power,N/A
City of Colton,N/A
City of Colton CA,N/A
City of Columbia Missouri,N/A
"City of Columbia, MO",N/A
City of Conroe,N/A
City of Conway,N/A
City of Corpus Christi,N/A
City of Corsicana,N/A
"City of Covington, TN",N/A
"City of Dallas, Texas",N/A
City of Decatur and Morgan County,N/A
City of Denton,N/A
City of Detroit,N/A
City of Detroit - Board of Water Commissioners,N/A
"City of Dothan, AL",N/A
City of Dover,N/A
City of Duluth,N/A
City of Durham,N/A
City of Durham NC,N/A
City of Edinburg,N/A
City of Edinburg Solid Waste Department,N/A
City of El Paso,N/A
City of Elko,N/A
City of Enid,N/A
City of Escanaba,N/A
City of Farmers Branch,N/A
City of Farmington,N/A
City of Fitchburg,N/A
City of Flagstaff,N/A
"City of Fort Collins, Colorado",N/A
City of Fort Worth,N/A
City of Forth Worth,N/A
"City of Fremont, NE",N/A
"City of Fresno, Department of Public Utilities",N/A
City of Ft. Smith,N/A
City of Fulton,N/A
City of Fulton Missouri,N/A
City of Gainesville / Gainesville Regional Utilities,N/A
City of Gainesville/Gainesville Regional Utilities,N/A
City of Gardner,N/A
City of Garland,N/A
City of Gary,N/A
"City of Gary, Indiana",N/A
City of Glasgow,N/A
"City of Glasgow, KY",N/A
City of Glendale,N/A
City of Glendale - AZ,N/A
City of Glendale - Water & Power,N/A
City of Glendale - Water and Power,N/A
City of Gloversville,N/A
"City of Grand Forks, ND",N/A
City of Grand Prairie,N/A
City of Greensboro North Carolina,N/A
"City of Greensboro, North Carolina",N/A
City of Greenville,N/A
"City of Greenville, S.C.",N/A
City of Hamilton,N/A
City of Hampton,N/A
City of Harrisonburg Resource Recovery Facility,N/A
City of Hastings,N/A
"City of Hastings, Nebraska",N/A
City of Henderson,N/A
City of Hibbing,N/A
City of High Point,N/A
City of Houston,N/A
City of Hutchinson,N/A
City of Independence,N/A
"City of Independence, Missouri",N/A
City of Iowa City,N/A
"City of Irving, TX",N/A
"City of Irving, Texas",N/A
City of Jacksonville,N/A
"City of Jacksonville, FL",N/A
"City of Jacksonville, Fl Solid Waste Division",N/A
"City of Jacksonville, Florida",N/A
City of Jamestown,N/A
City of Janesville,N/A
City of Jasper,N/A
"City of Jasper, IN",N/A
City of Johnson City,N/A
City of Kearney,N/A
City of Kerrville,N/A
City of Kingman KS,N/A
"City of Kingman, KS",N/A
City of LA,N/A
"City of LaGrange, Georgia",N/A
City of Lacy Lakeview,N/A
City of Lake Worth Utilities,N/A
City of Lakeland,N/A
City of Lakeland - Lakeland Electric,N/A
City of Laredo,N/A
City of Lawrenceburg Sanitation Department,N/A
City of Lawton,N/A
"City of Lawton, Oklahoma",N/A
City of Lebanon,N/A
City of Lee's Summit,N/A
"City of Lee's Summit, Missouri",N/A
City of Lexington,N/A
"City of Lincoln, NE",N/A
"City of Lincoln, Nebraska",N/A
City of Linden,N/A
City of Little Rock,N/A
City of Logan,N/A
City of Lompoc,N/A
City of Long Beach,N/A
"City of Los Angeles, CA",N/A
"City of Los Angeles, Department of Airports",N/A
"City of Los Angeles, Department of Water and Power",N/A
"City of Loveland, Colorado",N/A
City of Lubbock Texas,N/A
"City of Lubbock, Texas",N/A
City of Marshfield,N/A
City of Martinsville,N/A
City of Maryville,N/A
City of Mesa,N/A
City of Midland,N/A
"City of Midland, Michigan",N/A
"City of Midland, Texas",N/A
City of Mobile,N/A
City of Mobile Environmental Services Dept.,N/A
City of Modesto,N/A
City of Montgomery,N/A
"City of Montgomery, Montgomery Alabama",N/A
City of Morgan City,N/A
"City of Morrilton, AR",N/A
"City of Morris, Illinois",N/A
City of Mount Pleasant,N/A
City of Mountain View,N/A
City of Mt Pleasant,N/A
City of Mt. Pleasant,N/A
City of Murray,N/A
City of Murray KY,N/A
City of Nacodoches,N/A
City of Nacogdoches,N/A
"City of Nashua, Department of Public Works",N/A
City of New Albany MS,N/A
